V1 ID,V2 ID,Promotion,Year,Title,V3 ID
31356101,ECW-Hardcore-TV-9412,ECW,1994,ECW Hardcore TV 1994-08-30,
2525724183,/program/When-Worlds-Collide-1994-95213,ECW,1994,When Worlds Collide,
2525724483,/program/The-Night-The-Line-Was-Crossed-1994-95211,ECW,1994,The Night The Line Was Crossed,
2525727883,/program/Hardcore-Heaven-1994-100065,ECW,1994,Hardcore Heaven 1994,
2525727983,/program/Hostile-City-Showdown-1994-99438,ECW,1994,Hostile City Showdown 1994,
2525728783,/program/November-to-Remember-1994-99445,ECW,1994,November to Remember 1994,
36902959,November-to-Remember-1995-10360,ECW,1995,November To Remember 1995,
1038862683,Hardcore-Heaven-1995-10446,ECW,1995,Hardcore Heaven 1995,
2525728083,/program/Gangstas-Paradise-1995-95214,ECW,1995,Gangstas Paradise,
2525728483,/program/Holiday-Hell-1995-99444,ECW,1995,Holiday Hell 1995,
2525728583,3-Way-Dance-1995-95208,ECW,1995,Three Way Dance,
36902951,CyberSlam-1996-10413,ECW,1996,Cyberslam 1996,
2525724583,/program/Massacre-on-Queens-BLVD-1996-99433,ECW,1996,Massacre on Queens Boulevard,
2525728383,/program/House-Party-1996-99450,ECW,1996,House Party 1996,
2525728683,/program/Big-Apple-Blizzard-Blast-1996-99449,ECW,1996,Big Apple Blizzard Blast 1996,
2525728883,/program/Hostile-City-Showdown-1996-99440,ECW,1996,Hostile City Showdown 1996,
31537443,Hardcore-Heaven-1997-10461,ECW,1997,Hardcore Heaven 1997,
31538707,Barely-Legal-1997-10724,ECW,1997,Barely Legal 1997,
31682041,November-to-Remember-1997-10382,ECW,1997,November to Remember 1997,
31355133,November-to-Remember-1998-9550,ECW,1998,November to Remember 1998,
31537457,ECW-Heat-Wave-1998-9494,ECW,1998,Heat Wave 1998,
31683631,Wrestlepalooza-1998-9477,ECW,1998,Wrestlepalooza 1998,
31686845,Living-Dangerously-1998-10547,ECW,1998,Living Dangerously 1998,
31356689,Hardcore-Heaven-1999-10478,ECW,1999,Hardcore Heaven 1999,
31538991,Anarchy-Rulz-1999-10280,ECW,1999,Anarchy Rulz 1999,
31539019,Living-Dangerously-1999-10564,ECW,1999,Living Dangerously 1999,
31681983,ECW-Heat-Wave-1999-9524,ECW,1999,Heat Wave 1999,
31682053,Guilty-as-Charged-1999-9950,ECW,1999,Guilty as Charged 1999,
31684123,November-to-Remember-1999-9580,ECW,1999,November to Remember 1999,
31536911,Living-Dangerously-2000-10586,ECW,2000,Living Dangerously 2000,
31538309,Anarchy-Rulz-2000-10296,ECW,2000,Anarchy Rulz 2000,
31539053,Massacre-on-34th-St-2000-9318,ECW,2000,ECW Massacre on 34th Street,
31681979,November-to-Remember-2000-9616,ECW,2000,November to Remember 2000,
31681987,Guilty-as-Charged-2000-9975,ECW,2000,Guilty as charged 2000,
31683977,Hardcore-Heaven-2000-10495,ECW,2000,Hardcore Heaven 2000,
1050239683,ECW-Heat-Wave-2000-9558,ECW,2000,Heat Wave 2000,
31537461,Guilty-as-Charged-2001-10000,ECW,2001,Guilty as Charged 2001,
-,/program/Super-Summer-Sizzler-1993-130359,ECW,1993,Summer Sizzler 1993,
-,/program/Tag-Wars-1994-130295,ECW,1994,November to Remember 1994,
-,/program/Heatwave-1994-130452,ECW,1994,Heat Wave 1994,
-,/program/Double-Tables-1995-130356,ECW,1995,Double Tables,
-,/program/Enter-the-Sandman-1995-130357,ECW,1995,Enter The Sandman,
-,/program/Return-of-the-Funker-1995-130358,ECW,1995,Return Of The Funker,
-,/program/Barbed-Wire-Hoodies-and-Chokeslams-130360,ECW,1995,"Barbed Wire, Hoodies, and Chokeslams",
-,/program/ECW-Hostile-City-Showdown-1995-130398,ECW,1995,Hostile City Showdown 1995,
-,/program/Heatwave-1995-130431,ECW,1995,Heatwave 1995,
-,/program/ECW-Natural-Born-Killaz-1996-146080,ECW,1996,Natural Born Killaz,
-,/program/ECW-November-to-Remember-1996-146082,ECW,1996,November to Remember 1996,
-,/program/ECW-The-Doctor-Is-In-1996-146214,ECW,1996,The Doctor Is In,
-,/program/ECW-Just-Another-Night-1996-146224,ECW,1996,Just Another Night 1996,
-,/program/ECW-Big-Ass-Extreme-Bash-1996-146247,ECW,1996,Big Ass Extreme Bash,
-,/program/ECW-Heat-Wave-1996-146282,ECW,1996,Heat Wave 1996,
-,/program/Hardcore-Heaven-1996-146283,ECW,1996,Hardcore Heaven 1996,
-,/program/A-Matter-of-Respect-1996-146284,ECW,1996,A Matter of Respect,
-,/program/ECW-Crossing-the-Line-Again-1997-146079,ECW,1997,Crossing The Line Again,
-,/program/ECW-CyberSlam-1997-146081,ECW,1997,Cyberslam 1997,
1243426183,WWE-NXT-9459,NXT,2012,NXT 2012-08-29,72394/wwe-nxt-aug-29-2012
1243427283,WWE-NXT-9392,NXT,2012,NXT 2012-08-08,72535/wwe-nxt-aug-08-2012
1243427783,WWE-NXT-9430,NXT,2012,NXT 2012-08-15,72736/wwe-nxt-aug-15-2012
1245668983,WWE-NXT-9376,NXT,2012,NXT 2012-08-01,72515/wwe-nxt-aug-01-2012
1243426083,WWE-NXT-10452,NXT,2013,NXT 2013-02-13,72406/wwe-nxt-feb-13-2013
1244029383,WWE-NXT-10423,NXT,2013,NXT 2013-01-30,72579/wwe-nxt-jan-30-2013
1244031083,WWE-NXT-10438,NXT,2013,NXT 2013-02-06,72551/wwe-nxt-feb-06-2013
1244031283,WWE-NXT-10408,NXT,2013,NXT 2013-01-23,72741/wwe-nxt-jan-23-2013
1244534983,WWE-NXT-10076,NXT,2013,NXT 2013-06-19,72552/wwe-nxt-jun-19-2013 
1244535083,WWE-NXT-10039,NXT,2013,NXT 2013-06-05,72548/wwe-nxt-jun-05-2013
1244535183,WWE-NXT-10058,NXT,2013,NXT 2013-06-12,72391/wwe-nxt-jun-12-2013
1244538483,WWE-NXT-10091,NXT,2013,NXT 2013-06-26,72780/wwe-nxt-jun-26-2013
1244539083,WWE-NXT-10164,NXT,2013,NXT 2013-07-24,72601/wwe-nxt-jul-24-2013
1244539183,WWE-NXT-10109,NXT,2013,NXT 2013-07-03,72389/wwe-nxt-jul-03-2013
1244539383,WWE-NXT-10128,NXT,2013,NXT 2013-07-10,73326/wwe-nxt-jul-10-2013
31442535,WWE-NXT-Arrival-10103,NXT,2014,NXT ArRIVAL,72784/wwe-nxt-arrival
32343803,WWE-NXT-10563,NXT,2014,NXT 2014-04-23,72775/wwe-nxt-apr-23-2014
32513821,WWE-NXT-9742,NXT,2014,NXT 2014-05-01,72771/wwe-nxt-may-01-2014
32708979,WWE-NXT-9775,NXT,2014,NXT 2014-05-08,72533/wwe-nxt-may-08-2014
32889461,WWE-NXT-9797,NXT,2014,NXT 2014-05-15,72470/wwe-nxt-may-15-2014
33093209,WWE-NXT-9812,NXT,2014,NXT 2014-05-22,72466/wwe-nxt-may-22-2014
33396365,WWE-NXT-TakeOver-9896,NXT,2014,NXT Takeover,72628/wwe-nxt-takeover
36370549,/program/WWE-NXT-TakeOver-Fatal-4-Way-Pre-Show-12217,NXT,2014,NXT Takeover: Fatal 4-Way pre-show,83477/null-2014-09-11
36153085,WWE-NXT-TakeOver-Fatal-4-Way-9835,NXT,2014,NXT Takeover: Fatal 4-Way,72791/wwe-nxt-takeover-fatal-4-way
37044989,WWE-NXT-TakeOver-R-Evolution-9985,NXT,2014,NXT Takeover: REvolution,72627/wwe-nxt-takeover-r-evolution
37226855,WWE-NXT-TakeOver-Rival-10038,NXT,2015,NXT Takeover: Rival,72660/wwe-nxt-takeover-rival
123212883,WWE-NXT-TakeOver-Unstoppable-10122,NXT,2015,NXT Takeover: Unstoppable,72849/wwe-nxt-takeover-unstoppable
390510783,WWE-NXT-TakeOver-Brooklyn-9721,NXT,2015,NXT Takeover: Brooklyn,72630/wwe-nxt-takeover-brooklyn
409690083,WWE-NXT-11174,NXT,2015,NXT 2015-08-26,72626/wwe-nxt-aug-26-2015
442286583,WWE-NXT-11175,NXT,2015,NXT 2015-09-02,72610/wwe-nxt-sep-02-2015
466868583,WWE-NXT-11176,NXT,2015,NXT 2015-09-09,72644/wwe-nxt-sep-09-2015
480647783,WWE-NXT-11177,NXT,2015,NXT 2015-09-16,72634/wwe-nxt-sep-16-2015
497204683,WWE-NXT-11178,NXT,2015,NXT 2015-09-23,72500/wwe-nxt-sep-23-2015
509659083,WWE-NXT-11179,NXT,2015,NXT 2015-09-30,72788/wwe-nxt-sep-30-2015
520245983,WWE-NXT-TakeOver-Respect-9953,NXT,2015,NXT Takeover: Respect,72629/wwe-nxt-takeover-respect
534940483,WWE-NXT-TakeOver-London-9853,NXT,2015,NXT Takeover: London,72792/wwe-nxt-takeover-london
535983383,WWE-NXT-10729,NXT,2015,NXT 2015-12-23,72631/wwe-nxt-dec-23-2015
569242783,WWE-NXT-TakeOver-Dallas-9785,NXT,2016,NXT Takeover: Dallas,72692/wwe-nxt-takeover-dallas
575534483,WWE-NXT-11002,NXT,2016,NXT Takeover: 2014-04-06,72505/wwe-nxt-apr-06-2016
789783483,WWE-NXT-TakeOver-The-End-9810,NXT,2016,NXT Takeover: The End,72756/wwe-nxt-takeover-the-end
1068936283,WWE-NXT-TakeOver-Brooklyn-II-10135,NXT,2016,NXT Takeover: Brooklyn II,72731/wwe-nxt-takeover-brooklyn-ii
1090398083,WWE-NXT-9266,NXT,2016,NXT 2016-08-24,72800/wwe-nxt-aug-24-2016
1202786783,WWE-NXT-9380,NXT,2016,NXT 2016-10-05,72640/wwe-nxt-oct-05-2016
1205869483,WWE-NXT-9401,NXT,2016,NXT 2016-10-12,72654/wwe-nxt-oct-12-2016
1207740683,WWE-NXT-10063,NXT,2016,NXT 2016-10-19,72659/wwe-nxt-oct-19-2016
1209257083,WWE-NXT-10099,NXT,2016,NXT 2016-10-26,72844/wwe-nxt-oct-26-2016
1210855983,WWE-NXT-10117,NXT,2016,NXT 2016-11-02,72676/wwe-nxt-nov-02-2016
1211752483,WWE-NXT-10133,NXT,2016,NXT 2016-11-09,72637/wwe-nxt-nov-09-2016
1212974783,WWE-NXT-TakeOver-Toronto-10089,NXT,2016,NXT Takeover: Toronto,72760/wwe-nxt-takeover-toronto
1213717783,WWE-NXT-10168,NXT,2016,NXT 2016-11-23,72709/wwe-nxt-nov-23-2016
1221383483,WWE-NXT-TakeOver-San-Antonio-10067,NXT,2017,NXT Takeover: San Antonio,72837/wwe-nxt-takeover-san-antonio
1221947083,WWE-NXT-9869,NXT,2017,NXT 2017-02-01,72802/wwe-nxt-feb-01-2017
1254208483,WWE-NXT-TakeOver-Orlando-9911,NXT,2017,NXT Takeover: Orlando,72902/wwe-nxt-takeover-orlando
1257040283,WWE-NXT-10778,NXT,2017,NXT 2017-04-05,72674/wwe-nxt-apr-05-2017
1400730183,WWE-NXT-TakeOver-Chicago-9755,NXT,2017,NXT Takeover: Chicago,72903/wwe-nxt-takeover-chicago
1423077283,WWE-NXT-10387,NXT,2017,NXT 2017-05-24,72701/wwe-nxt-may-24-2017
1738045683,WWE-NXT-TakeOver-Brooklyn-III-9658,NXT,2017,NXT Takeover: Brooklyn III,72708/wwe-nxt-takeover-brooklyn-iii
1761445983,WWE-NXT-10602,NXT,2017,NXT 2017-08-23,72706/wwe-nxt-aug-23-2017
1815364483,WWE-NXT-10655,NXT,2017,NXT 2017-09-06,72650/wwe-nxt-sep-06-2017
1862558583,WWE-NXT-10746,NXT,2017,NXT 2017-10-11,72811/wwe-nxt-oct-11-2017
1864204683,WWE-NXT-10766,NXT,2017,NXT 2017-10-18,72882/wwe-nxt-oct-18-2017
1865225383,WWE-NXT-10787,NXT,2017,NXT 2017-10-25,72823/wwe-nxt-oct-25-2017
1867225483,WWE-NXT-TakeOver-WarGames-11206,NXT,2017,NXT Takeover: War Games,83813/wwe-nxt-takeover-wargames
1867805583,WWE-NXT-10333,NXT,2017,NXT 2017-11-22,72703/wwe-nxt-nov-22-2017
1873366483,NXT-TakeOver-Philadelphia-1960,NXT,2018,NXT Takeover: Philadelphia,72687/wwe-nxt-takeover-philadelphia
1873781783,WWE-NXT-10421,NXT,2018,NXT 2018-01-31,72807/wwe-nxt-jan-31-2018
1882588483,WWE-NXT-9728,NXT,2018,NXT 2018-03-07,72739/wwe-nxt-mar-07-2018
1887741883,WWE-NXT-9747,NXT,2018,NXT 2018-03-14,72829/wwe-nxt-mar-14-2018
1892097483,WWE-NXT-9774,NXT,2018,NXT 2018-03-21,72888/wwe-nxt-mar-21-2018
1897750483,WWE-NXT-9798,NXT,2018,NXT 2018-03-28,72832/wwe-nxt-mar-28-2018
1906174883,WWE-NXT-9813,NXT,2018,NXT 2018-04-04,72663/wwe-nxt-apr-04-2018
1907357483,WWE-NXT-TakeOver-New-Orleans-1951,NXT,2018,NXT Takeover: New Orleans,72707/wwe-nxt-takeover-new-orleans
2154313683,WWE-NXT-TakeOver-Chicago-II-1945,NXT,2018,NXT Takeover: Chicago II,72896/wwe-nxt-takeover-chicago-ii
2177039383,WWE-NXT-11018,NXT,2018,NXT 2018-06-20,72740/wwe-nxt-jun-20-2018
2401132283,WWE-NXT-TakeOver-Brooklyn-IV-9694,NXT,2018,NXT Takeover: Brooklyn 4,72733/wwe-nxt-takeover-brooklyn-iv
2414680083,WWE-NXT-10837,NXT,2018,NXT 2018-08-22,72916/wwe-nxt-aug-22-2018
2519363083,WWE-NXT-TakeOver-WarGames-II-10155,NXT,2018,NXT Takeover: War Games II,72732/wwe-nxt-takeover-wargames-ii
2519856483,WWE-NXT-10776,NXT,2018,NXT 2018-11-21,72914/wwe-nxt-nov-21-2018
2522322383,WWE-NXT-9930,NXT,2019,NXT Takeover: Phoenix,72847/wwe-nxt-takeover-phoenix
2522438283,WWE-NXT-10974,NXT,2019,NXT 2019-01-30,72762/wwe-nxt-jan-30-2019
2523374083,WWE-NXT-11060,NXT,2019,NXT 2019-03-06,72769/wwe-nxt-mar-06-2019
2523597783,WWE-NXT-9778,NXT,2019,NXT 2019-03-13,72901/wwe-nxt-mar-13-2019          
2523965883,WWE-NXT-11069,NXT,2019,NXT 2019-03-27,72917/wwe-nxt-mar-27-2019
2524134083,WWE-NXT-TakeOver-New-York-9873,NXT,2019,NXT Takeover: New York,72787/wwe-nxt-takeover-new-york
2524275083,WWE-NXT-11101,NXT,2019,NXT 2019-04-10,72893/wwe-nxt-apr-10-2019
2525331383,WWE-NXT-TakeOver-XXV-95224,NXT,2019,NXT Takeover XXV,86556/wwe-nxt-takeover-xxv
2525409783,WWE-NXT-99356,NXT,2019,NXT 2019-06-05,86032/wwe-nxt-jun-05-2019
2198888283,NXT-United-Kingdom-Championship-94324,NXT UK,2018,NXT UK Championship,86750/wwe-uk-championship-tournament-s2--e2-nxt-united-kingdom-championship
2519299483,WWE-NXT-UK-10037,NXT UK,2018,NXT UK 2018-11-14 II,72878/nxt-uk-nov-14-2018
2519775283,WWE-NXT-UK-10074,NXT UK,2018,NXT UK 2018-11-21 II,72872/nxt-uk-nov-21-2018
2519775483,WWE-NXT-UK-10088,NXT UK,2018,NXT UK 2018-11-21 I,72881/nxt-uk-nov-21-2018
2520251183,WWE-NXT-UK-10107,NXT UK,2018,NXT UK 2018-11-28 II,72877/nxt-uk-nov-28-2018
2521726183,WWE-NXT-UK-9821,NXT UK,2019,NXT UK 2019-01-02 I,72768/nxt-uk-jan-02-2019
2522041483,WWE-NXT-UK-9849,NXT UK,2019,NXT UK 2019-01-09 I,72894/nxt-uk-jan-09-2019
2522168283,NXT-UK-TakeOver-Blackpool-11201,NXT UK,2019,NXT UK Takeover: Blackpool,83999/wwe-nxt-uk-takeover-blackpool
-,WWE-NXT-94459,NXT,2019,NXT 2019-06-26,85996/wwe-nxt-jun-26-2019
-,WWE-NXT-94469,NXT,2019,NXT 2019-07-03,85657/wwe-nxt-jul-03-2019
-,WWE-NXT-95186,NXT,2019,NXT 2019-07-10,86509/wwe-nxt-jul-10-2019
-,WWE-NXT-95244,NXT,2019,NXT 2019-07-17,86893/wwe-nxt-jul-17-2019
-,WWE-NXT-99401,NXT,2019,NXT 2019-07-24,87196/wwe-nxt-jul-24-2019 
-,WWE-NXT-102119,NXT,2019,NXT 2019-07-31,87597/wwe-nxt-jul-31-2019
-,NXT-TakeOver-Toronto-2019-102316,NXT,2019,NXT Takeover: Toronto,90147/wwe-nxt-takeover-toronto-2019
-,WWE-NXT-103207,NXT,2019,NXT 2019-08-14,89466/wwe-nxt-aug-14-2019
-,NXT-UK-TakeOver-Cardiff-104499,NXT,2019,NXT UK Takeover: Cardiff,92106/nxt-uk-wwe-nxt-uk-takeover-cardiff
-,WWE-NXT-UK-105141,NXT,2019,NXT UK 2019-09-04,91575/nxt-uk-sep-04-2019
-,/program/NXT-TakeOver-WarGames-2019-Pre-Show-112192,NXT,2019,NXT Takeover: War Games pre-show,105030/nxt-takeover-wargames-2019-pre-show-2019-11-23
-,NXT-TakeOver-WarGames-2019-112194,NXT,2019,NXT Takeover: War Games III,105028/wwe-nxt-takeover-wargames-2019
-,WWE-NXT-115507,NXT,2020,NXT 2020-01-08,109703/wwe-nxt-jan-08-2020
-,NXT-UK-TakeOver-Blackpool-II-115547,NXT,2020,NXT UK Takeover: Blackpool II,111078/nxt-uk-takeover-blackpool-ii-pre-show-2020-01-12
-,WWE-NXT-116660,NXT,2020,NXT 2020-01-15,111020/wwe-nxt-jan-15-2020
-,WWE-NXT-UK-116661,NXT,2020,NXT UK 2020-01-16,111912/nxt-uk-jan-16-2020
-,/program/WWE-Worlds-Collide-NXT-vs-NXT-UK-Pre-Show-117076,NXT,2020,Worlds Collide: NXT vs NXT UK pre-show,115167/wwe-worlds-collide-nxt-vs-nxt-uk-pre-show-2020-01-25
-,WWE-NXT-117080,NXT,2020,NXT 2020-01-22,112704/wwe-nxt-jan-22-2020
-,WWE-Worlds-Collide-NXT-vs-NXT-UK-117382,NXT,2020,Worlds Collide: NXT vs. NXT UK,115495/wwe-worlds-collide-nxt-vs-nxt-uk
-,WWE-NXT-117848,NXT,2020,NXT 2020-01-29,115473/wwe-nxt-jan-29-2020
-,NXT-TakeOver-Portland-125271,NXT,2020,NXT Takeover: Portland,127552/wwe-nxt-takeover-portland
-,WWE-NXT-135099,NXT,2020,NXT 2020-04-15,140721/wwe-nxt-apr-15-2020
-,WWE-NXT-135495,NXT,2020,NXT 2020-04-22,141897/wwe-nxt-apr-22-2020
-,WWE-NXT-136020,NXT,2020,NXT 2020-04-29,142063/wwe-nxt-apr-29-2020
-,WWE-NXT-136359,NXT,2020,NXT 2020-05-06,144640/wwe-nxt-may-06-2020
-,WWE-NXT-136845,NXT,2020,NXT 2020-05-13,145598/wwe-nxt-may-13-2020
-,WWE-NXT-137164,NXT,2020,NXT 2020-05-20,146349/wwe-nxt-may-20-2020
-,WWE-NXT-137724,NXT,2020,NXT 2020-05-27,146763/wwe-nxt-may-27-2020
-,WWE-NXT-TakeOver-In-Your-House-138129,NXT,2020,NXT Takeover: In Your House,153268/wwe-nxt-takeover-in-your-house
-,WWE-NXT-138131,NXT,2020,NXT 2020-06-03,152883/wwe-nxt-jun-03-2020
-,WWE-NXT-145195,NXT,2020,Great American Bash 2020 Night 1,155090/nxt-the-great-american-bash-2020-night-i
-,WWE-NXT-145466,NXT,2020,Great American Bash 2020 Night 2,156121/nxt-the-great-american-bash-2020-night-ii
-,WWE-NXT-TakeOver-XXX-147660,NXT,2020,NXT Takeover XXX,162056/wwe-nxt-takeover-xxx
-,/program/WWE-NXT-TakeOver-XXX-Pre-Show-147664,NXT,2020,NXT Takeover XXX pre-show,162035/wwe-nxt-takeover-xxx-pre-show-2020-08-22
-,WWE-NXT-TakeOver-31-150246,NXT,2020,NXT Takeover XXXI,169396/wwe-nxt-takeover-31
-,WWE-NXT-UK-150249,NXT,2020,NXT UK 2020-10-01,168635/nxt-uk-oct-01-2020
-,WWE-NXT-UK-150947,NXT,2020,NXT UK 2020-10-08,170032/nxt-uk-oct-08-2020
-,WWE-NXT-UK-151037,NXT,2020,NXT UK 2020-10-15,171450/nxt-uk-oct-15-2020
-,WWE-NXT-UK-151653,NXT,2020,NXT UK 2020-10-22,172967/nxt-uk-oct-22-2020
-,WWE-NXT-UK-152367,NXT,2020,NXT UK 2020-11-05,176297/nxt-uk-nov-05-2020
-,WWE-NXT-UK-152911,NXT,2020,NXT UK 2020-11-12,177560/nxt-uk-nov-12-2020
-,WWE-NXT-UK-153807,NXT,2020,NXT UK 2020-11-26,180209/nxt-uk-nov-26-2020
-,WWE-NXT-TakeOver-WarGames-2020-154025,NXT,2020,NXT Takeover: War Games 2020,185069/wwe-nxt-takeover-wargames-2020
-,205-Live-156447,NXT,2021,205Live 2021-01-15,193577/205-live-jan-15-2021
-,WWE-NXT-156450,NXT,2021,NXT 2021-01-13,193381/wwe-nxt-jan-13-2021
-,205-Live-156885,NXT,2021,205Live 2021-01-22,195143/205-live-jan-22-2021
-,WWE-NXT-156891,NXT,2021,NXT 2021-01-20,194852/wwe-nxt-jan-20-2021
-,205-Live-157380,NXT,2021,205Live 2021-01-29,197663/205-live-jan-29-2021
-,WWE-NXT-157392,NXT,2021,NXT 2021-01-27,197170/wwe-nxt-jan-27-2021
-,WWE-NXT-157742,NXT,2021,NXT 2021-02-03,199662/wwe-nxt-feb-03-2021
-,WWE-NXT-TakeOver-Vengeance-Day-158129,NXT,2021,NXT Takeover: Vengeance Day,204318/wwe-nxt-takeover-vengeance-day
-,WWE-NXT-158144,NXT,2021,NXT 2021-02-10,203056/wwe-nxt-feb-10-2021
-,NXT-TakeOver-Stand-and-Deliver-Night-2-161660,NXT,2021,NXT Takeover: Stand &amp; Deliver Night 2,215174/wwe-nxt-takeover-stand--deliver-night-2
-,NXT-TakeOver-Stand-and-Deliver-Night-1-161661,NXT,2021,NXT Takeover: Stand &amp; Deliver Night 1,215018/wwe-nxt-takeover-stand--deliver-night-1
-,/program/NXT-TakeOver-Stand-and-Deliver-Night-2-Pre-Show-161664,NXT,2021,NXT Takeover: Stand &amp; Deliver Night 2 pre-show,215160/wwe-nxt-takeover-stand--deliver-night-2-pre-show-2021-04-08
-,/program/NXT-TakeOver-Stand-and-Deliver-Night-1-Pre-Show-161665,NXT,2021,NXT Takeover: Stand &amp; Deliver Night 1 pre-show,214993/wwe-nxt-takeover-stand--deliver-night-1-pre-show-2021-04-07
-,WWE-NXT-TakeOver-In-Your-House-2021-165290,NXT,2021,NXT Takeover: In Your House 2021,230736/wwe-nxt-takeover-in-your-house-2021
-,WWE-NXT-166518,NXT,2021,Great American Bash 2021,236593/nxt-the-great-american-bash-2021
-,WWE-NXT-166808,NXT,2021,NXT 2021-07-13,237461/wwe-nxt-jul-13-2021
-,WWE-NXT-167068,NXT,2021,NXT 2021-07-20,238339/wwe-nxt-jul-20-2021
-,WWE-NXT-167491,NXT,2021,NXT 2021-07-27,239324/wwe-nxt-jul-27-2021
-,WWE-NXT-167830,NXT,2021,NXT 2021-08-03,240568/wwe-nxt-aug-03-2021
-,WWE-NXT-168080,NXT,2021,NXT 2021-08-10,242261/wwe-nxt-aug-10-2021
-,WWE-NXT-TakeOver-36-168322,NXT,2021,NXT Takeover XXXVI,244981/wwe-nxt-takeover-36
-,/program/WWE-NXT-TakeOver-36-Pre-Show-168331,NXT,2021,NXT Takeover XXXVI pre-show,244972/wwe-nxt-takeover-36-pre-show-2021-08-22
-,WWE-NXT-168333,NXT,2021,NXT 2021-08-17,243702/wwe-nxt-aug-17-2021
-,WWE-NXT-168723,NXT,2021,NXT 2021-08-24,246461/wwe-nxt-aug-24-2021
-,NXT-WarGames-173200,NXT,2021,NXT War Games 2021,273824/nxt-wargames
-,WWE-NXT-175548,NXT,2022,NXT 2022-01-18,285509/wwe-nxt-jan-18-2022
-,WWE-NXT-175945,NXT,2022,NXT 2022-01-25,288957/wwe-nxt-jan-25-2022
-,NXT-176514,NXT,2022,NXT 2022-02-01,290554/wwe-nxt-feb-01-2022
-,NXT-176789,NXT,2022,NXT 2022-02-15,294634/nxt-vengeance-day-2022
-,NXT-177052,NXT,2022,NXT 2022-02-22,296909/wwe-nxt-feb-22-2022
-,NXT-177268,NXT,2022,NXT 2022-03-01,299145/wwe-nxt-mar-01-2022
-,NXT-177683,NXT,2022,NXT 2022-03-08,335703/nxt-roadblock-2022
-,NXT-178142,NXT,2022,NXT 2022-03-22,339175/wwe-nxt-mar-22-2022
-,NXT-Stand-and-Deliver-178523,NXT,2022,NXT Stand &amp; Deliver 2022,344087/nxt-stand--deliver
-,/program/NXT-Stand-and-Deliver-Kickoff-178524,NXT,2022,NXT Stand &amp; Deliver 2022 pre-show,343950/nxt-stand--deliver-kickoff-2022-04-02
-,NXT-180403,NXT,2022,NXT 2022-05-10,355650/wwe-nxt-may-10-2022
-,NXT-180721,NXT,2022,NXT 2022-05-17,357408/wwe-nxt-may-17-2022
-,NXT-In-Your-House-2022-181341,NXT,2022,NXT In Your House 2022,365427/nxt-in-your-house-2022
-,/program/NXT-In-Your-House-Kickoff-181343,NXT,2022,NXT In Your House 2022 pre-show,365349/nxt-in-your-house-kickoff
-,NXT-181354,NXT,2022,NXT 2022-05-24,360179/wwe-nxt-may-24-2022
-,NXT-181620,NXT,2022,NXT 2022-06-07,367213/wwe-nxt-jun-07-2022
-,NXT-UK-183884,NXT,2022,NXT UK 2022-08-04,380170/nxt-uk-aug-04-2022
-,NXT-UK-184460,NXT,2022,NXT UK 2022-08-18,385114/nxt-uk-aug-18-2022
-,NXT-UK-184487,NXT,2022,NXT UK 2022-08-11,382178/nxt-uk-aug-11-2022
-,NXT-UK-184699,NXT,2022,NXT UK 2022-08-25,387277/nxt-uk-aug-25-2022
-,NXT-Worlds-Collide-2022-185108,NXT,2022,Worlds Collide 2022,390924/nxt-worlds-collide-2022
-,NXT-UK-185150,NXT,2022,NXT UK 2022-09-01,389808/nxt-uk-sep-01-2022
-,/program/NXT-Worlds-Collide-2022-Kickoff-185152,NXT,2022,Worlds Collide pre-show,390854/nxt-worlds-collide-2022-kickoff-2022-09-04
-,NXT-Halloween-Havoc-2022-186988,NXT,2022,Halloween Havoc 2022,408054/nxt-halloween-havoc-2022
-,NXT-Deadline-2022-188856,NXT,2022,NXT Deadline,425001/nxt-deadline-2022
-,/program/NXT-Stand-and-Deliver-2023-Kickoff-194797,NXT,2023,NXT Stand &amp; Deliver pre-show,461289/nxt-stand--deliver-2023-kickoff-2023-04-01
-,NXT-Vengeance-Day-2023-192550,NXT,2023,NXT Vengeance Day 2023,441850/nxt-vengeance-day-2023
-,/program/NXT-Vengeance-Day-2023-Kickoff-192551,NXT,2023,Vengeance Day 2023 pre-show,441785/nxt-vengeance-day-2023-kickoff-2023-02-04
-,NXT-Stand-and-Deliver-2023-194796,NXT,2023,NXT Stand &amp; Deliver 2023,461427/nxt-stand--deliver-2023
-,WWE-NXT-196462,NXT,2023,NXT 2023-05-09,476517/wwe-nxt-may-09-2023
-,WWE-NXT-196468,NXT,2023,NXT 2023-05-02,473848/wwe-nxt-may-02-2023
-,WWE-NXT-196908,NXT,2023,NXT 2023-05-16,479811/wwe-nxt-may-16-2023
-,WWE-NXT-196982,NXT,2023,NXT 2023-05-23,482150/wwe-nxt-may-23-2023
-,NXT-Battleground-2023-196991,NXT,2023,NXT Battleground 2023,483601/nxt-battleground-2023
-,The-Great-American-Bash-2023-199238,NXT,2023,Great American Bash 2023,504254/nxt-the-great-american-bash-2023
31355209,Starrcade-1983-9538,WCW,1983,Starrcade 1983 - A Flair for the Gold,
31345625,Starrcade-1984-9573,WCW,1984,Starrcade 1984 - The Million Dollar Challenge,
31355197,Starrcade-1985-9605,WCW,1985,Starrcade 1985 - The Gathering,
531550783,WCW-World-Championship-Wrestling-5499,WCW,1985,World Championship Wrestling 1985-12-07,
31348257,Starrcade-1986-9640,WCW,1986,Starrcade 1986 - The Skywalkers,
2525609383,/program/Legendary-teams-clash-in-Crockett-Cup-1986-99439,WCW,1986,Jim Crockett Sr. Memorial Cup,
2525697683,The-Great-American-Bash-1986-Charlotte-100135,WCW,1986,Great American Bash 1986-07-05,
2525697783,The-Great-American-Bash-1986-Greensboro-100080,WCW,1986,Great American Bash 1986-07-26,
31662471,Starrcade-1987-9677,WCW,1987,Starrcade 1987 - Chi-Town Heat,
31355097,Bunkhouse-Stampede-1988-10665,WCW,1988,The Bunkhouse Stampede,
31355167,WCW-The-Great-American-Bash-1988-10248,WCW,1988,The Great American Bash 1988,
31356059,Starrcade-1988-9716,WCW,1988,Starrcade 88 - True Gritt,
32286157,Clash-of-the-Champions-1-5679,WCW,1988,Clash of the Champions I,
32293847,Clash-of-the-Champions-2-5691,WCW,1988,Clash of the Champions II - Miami Mayhem,
32288533,Clash-of-the-Champions-3-7099,WCW,1988,Clash of the Champions III - Fall Brawl,
32289815,Clash-of-the-Champions-4-7104,WCW,1988,Clash of the Champions IV - Season's beatings,
31367855,Starrcade-1989-9738,WCW,1989,Starrcade 1989 - Future Shock,
31572841,Chi-Town-Rumble-1989-10991,WCW,1989,The Chi-Town Rumble,
31588987,Halloween-Havoc-1989-10217,WCW,1989,Halloween Havoc 1989 - Settling the Score,
31589169,WCW-The-Great-American-Bash-1989-10285,WCW,1989,The Great American Bash 1989 - The Glory Days,
31674733,WrestleWar-1989-10143,WCW,1989,Wrestle War 1989: Music City Showdown,
32908717,Clash-of-the-Champions-5-4922,WCW,1989,Clash of the Champions V - Valentine's Day Massacre,
32297671,Clash-of-the-Champions-6-4923,WCW,1989,Clash of the Champions VI - Ragin' Cajun,
32294691,Clash-of-the-Champions-7-5706,WCW,1989,Clash of the Champions VII,
32286315,Clash-of-the-Champions-8-4926,WCW,1989,Clash of the Champions VIII - Fall Brawl,
32289067,Clash-of-the-Champions-9-7139,WCW,1989,Clash of the Champions IX,
31572819,Halloween-Havoc-1990-10234,WCW,1990,Halloween Havoc 1990,
31573987,Capital-Combat-1990-10327,WCW,1990,Capital Combat,
31588807,WCW-The-Great-American-Bash-1990-11820,WCW,1990,The Great American Bash 1990 - The new revolution,
31666527,Starrcade-1990-9758,WCW,1990,Starrcade 1990 - Collision Course,
31675157,WrestleWar-1990-10172,WCW,1990,Wrestle War 1990 - Wild Thing,
32291761,Clash-of-the-Champions-10-4930,WCW,1990,Clash of the Champions X - Texas Shootout,
32317631,Clash-of-the-Champions-11-7073,WCW,1990,Clash of the Champions XI - Coastal Crush,
32318547,Clash-of-the-Champions-12-5534,WCW,1990,Clash of the Champions XII - Fall Brawl/Mountain Madness,
32319869,Clash-of-the-Champions-13-5546,WCW,1990,Clash of the Champions XIII - Thanksgiving Thunder,
31352361,Starrcade-1991-9791,WCW,1991,Starrcade 1991: Battlebowl - The Lethal Lottery,
31588797,Halloween-Havoc-1991-10245,WCW,1991,Halloween Havoc 1991 - Chamber of horrors,
31589499,WCW-The-Great-American-Bash-1991-10371,WCW,1991,The Great American Bash 1991,
31661095,Superbrawl-1-9389,WCW,1991,Superbrawl I - Return of the rising sun,
31675301,WrestleWar-1991-10200,WCW,1991,Wrestle War 1991,
32317831,Clash-of-the-Champions-14-4935,WCW,1991,Clash of the Champions XIV,
32319249,Clash-of-the-Champions-15-4939,WCW,1991,Clash of the Champions XV,
32320037,Clash-of-the-Champions-16-5555,WCW,1991,Clash of the Champions XVI - Fall Brawl,
32317133,Clash-of-the-Champions-17-5569,WCW,1991,Clash of the Champions XVII,
31312961,Beach-Blast-1992-10758,WCW,1992,Beach Blast 1992,
31367857,Superbrawl-2-10784,WCW,1992,Superbrawl II,
31589233,WCW-The-Great-American-Bash-1992-11869,WCW,1992,Great American Bash 1992,
31589235,Halloween-Havoc-1992-10262,WCW,1992,"Halloween Havoc 1992 - Spin the wheel, make the deal",
31673703,Starrcade-1992-9818,WCW,1992,Starrcade 1992 - Lethal Lottery,
31675649,WrestleWar-1992-10221,WCW,1992,Wrestle War 1992 - War games,
32366805,Clash-of-the-Champions-18-4941,WCW,1992,Clash of the Champions XVIII,
32317241,Clash-of-the-Champions-19-7113,WCW,1992,Clash of the Champions XIX,
32317879,Clash-of-the-Champions-20-4944,WCW,1992,Clash of the Champions XX - 20th anniversary,
32316153,Clash-of-the-Champions-21-7131,WCW,1992,Clash of the Champions XXI,
31572851,Beach-Blast-1993-10785,WCW,1993,Beach Blast 1993,
31572861,BattleBowl-1993-10429,WCW,1993,Battle Bowl 1993 - The Lethal Lottery,
31585693,Fall-Brawl-1993-10658,WCW,1993,Fall Brawl 1993 - War games,
31658449,Halloween-Havoc-1993-10281,WCW,1993,"Halloween Havoc 1993 - Spin the wheel, make the deal",
31660403,Superbrawl-3-10807,WCW,1993,Superbrawl III,
31664183,Slamboree-1993-9948,WCW,1993,Slamboree 1993 - A legends reunion,
31673705,Starrcade-1993-9092,WCW,1993,Starrcade 1993,
32355055,Clash-of-the-Champions-22-4924,WCW,1993,Clash of the Champions XXII,
32366657,Clash-of-the-Champions-23-4927,WCW,1993,Clash of the Champions XXIII,
32353719,Clash-of-the-Champions-24-7070,WCW,1993,Clash of the Champions XXIV,
32356935,Clash-of-the-Champions-25-4932,WCW,1993,Clash of the Champions XXV,
31541885,Bash-at-the-Beach-1994-10741,WCW,1994,Bash at the Beach,
31585701,Fall-Brawl-1994-10676,WCW,1994,Fall Brawl - War Games,
31657579,Halloween-Havoc-1994-10301,WCW,1994,Halloween Havoc,
31658259,Superbrawl-4-10834,WCW,1994,Superbrawl IV,
31664157,Spring-Stampede-1994-9757,WCW,1994,Spring Stampede,
31666055,Slamboree-1994-9980,WCW,1994,Slamboree 1994 - A legends' reunion,
31673429,Starrcade-1994-9119,WCW,1994,Starrcade 1994 - Triple threat,
32354715,Clash-of-the-Champions-26-4936,WCW,1994,Clash of the Champions XXVI,
32354649,Clash-of-the-Champions-27-11207,WCW,1994,Clash of the Champions XXVII,
32353859,Clash-of-the-Champions-28-5544,WCW,1994,Clash of the Champions XXVIII,
32354689,Clash-of-the-Champions-29-5554,WCW,1994,Clash of the Champions XXIX,
31572839,Bash-at-the-Beach-1995-10764,WCW,1995,Bash at the Beach,
31585669,WCW-The-Great-American-Bash-1995-9696,WCW,1995,Great American Bash,
31585679,Fall-Brawl-1995-9760,WCW,1995,Fall Brawl - War Games,
31660335,Halloween-Havoc-1995-10318,WCW,1995,Halloween Havoc,
31661101,Superbrawl-5-10315,WCW,1995,Superbrawl V,
31662781,Slamboree-1995-10009,WCW,1995,Slamboree 1995 - A legends reunion,
31673719,Uncensored-1995-10716,WCW,1995,Uncensored 1995,
31673797,Starrcade-1995-9146,WCW,1995,Starrcade 1995 - World Cup of Wrestling,
31675733,World-War-3-1995-9513,WCW,1995,World War Three 1995,
32355641,Clash-of-the-Champions-30-4940,WCW,1995,Clash of the Champions XXX,
32355757,Clash-of-the-Champions-31-7090,WCW,1995,Clash of the Champions XXXI,
31348137,Halloween-Havoc-1996-10339,WCW,1996,Halloween Havoc,
31348351,World-War-3-1996-9544,WCW,1996,World War Three 1996,
31355125,Starrcade-1996-9173,WCW,1996,Starrcade 1996,
31367847,Fall-Brawl-1996-9796,WCW,1996,Fall Brawl - War Games,
31572863,Bash-at-the-Beach-1996-10794,WCW,1996,Bash at the Beach 1996,
31585675,WCW-The-Great-American-Bash-1996-10353,WCW,1996,The Great American Bash 1996,
31660365,Superbrawl-6-9613,WCW,1996,Superbrawl VI,
31660407,Hog-Wild-1996-10882,WCW,1996,Hog Wild,
31671495,Slamboree-1996-10036,WCW,1996,Slamboree 1996 - Lethal lottery,
31675321,Uncensored-1996-10738,WCW,1996,Uncensored 1996,
32356033,Clash-of-the-Champions-32-9517,WCW,1996,Clash of the Champions XXXII,
32366009,Clash-of-the-Champions-33-5577,WCW,1996,Clash of the Champions XXXIII,
31348203,Uncensored-1997-10762,WCW,1997,Uncensored 1997,
31348221,Halloween-Havoc-1997-10357,WCW,1997,Halloween Havoc 1997,
31355211,Superbrawl-7-9645,WCW,1997,Superbrawl VII,
31362285,Souled-Out-1997-10142,WCW,1997,nWo Souled Out,
31573927,Bash-at-the-Beach-1997-10812,WCW,1997,Bash at the Beach 1997,
31585665,Fall-Brawl-1997-9823,WCW,1997,Fall Brawl 1997 - War games,
31585699,WCW-The-Great-American-Bash-1997-11913,WCW,1997,Great American Bash 1997,
31661093,Road-Wild-1997-10632,WCW,1997,Road Wild 1997,
31664081,Spring-Stampede-1997-9792,WCW,1997,Spring Stampede 1997,
31664899,Slamboree-1997-10068,WCW,1997,Slamboree 1997,
31673799,Starrcade-1997-9200,WCW,1997,Starrcade 1997,
31677959,World-War-3-1997-9575,WCW,1997,World War Three 1997,
32366007,Clash-of-the-Champions-34-7325,WCW,1997,Clash of the Champions XXXIV,
32366001,Clash-of-the-Champions-35-5587,WCW,1997,Clash of the Champions XXXV,
31347649,Road-Wild-1998-10649,WCW,1998,Road Wild 1998,
31348081,Bash-at-the-Beach-1998-10268,WCW,1998,Bash at the Beach 1998,
31348145,WCW-The-Great-American-Bash-1998-11783,WCW,1998,Great American Bash 1998,
31348231,World-War-3-1998-9609,WCW,1998,World War Three 1998,
31354977,Fall-Brawl-1998-9843,WCW,1998,Fall Brawl 1998,
31355177,Spring-Stampede-1998-9811,WCW,1998,Spring Stampede 1998,
31355181,Slamboree-1998-10096,WCW,1998,Slamboree 1998,
31359919,Starrcade-1998-9219,WCW,1998,Starrcade 1998,
31359957,Halloween-Havoc-1998-10375,WCW,1998,Halloween Havoc 1998,
31367861,Superbrawl-8-9679,WCW,1998,Superbrawl VIII,
31370013,Uncensored-1998-10790,WCW,1998,Uncensored 1998,
31662481,Souled-Out-1998-10170,WCW,1998,Souled Out 1998,
31355631,Spring-Stampede-1999-9834,WCW,1999,Spring Stampede 1999,
31359865,Starrcade-1999-9238,WCW,1999,Starrcade 1999,
31359909,Souled-Out-1999-10199,WCW,1999,Souled Out 1999,
31359915,Halloween-Havoc-1999-10405,WCW,1999,Halloween Havoc 1999,
31359923,Fall-Brawl-1999-9351,WCW,1999,Fall Brawl 1999,
31360053,Slamboree-1999-10125,WCW,1999,Slamboree 1999,
31360117,Superbrawl-9-9714,WCW,1999,SuperBrawl IX,
31360161,Bash-at-the-Beach-1999-10288,WCW,1999,Bash at the Beach 1999,
31360361,Uncensored-1999-10814,WCW,1999,Uncensored 1999,
31360387,Road-Wild-1999-10666,WCW,1999,Road Wild 1999,
31360469,Mayhem-1999-9352,WCW,1999,Mayhem 1999,
31366781,WCW-The-Great-American-Bash-1999-11870,WCW,1999,Great American Bash 1999,
31352995,Uncensored-2000-10845,WCW,2000,Uncensored 2000,
31355647,Bash-at-the-Beach-2000-10303,WCW,2000,Bash at the Beach 2000,
31359851,WCW-The-Great-American-Bash-2000-11879,WCW,2000,The Great American Bash 2000,
31359917,New-Blood-Rising-2000-10827,WCW,2000,New Blood Rising 2000,
31359939,Superbrawl-2000-10735,WCW,2000,Superbrawl X,
31360093,Mayhem-2000-9383,WCW,2000,Mayhem 2000,
31360095,Starrcade-2000-9273,WCW,2000,Starrcade 2000,
31360099,Souled-Out-2000-9737,WCW,2000,Souled Out 2000,
31360115,Slamboree-2000-9361,WCW,2000,Slamboree 2000,
31360371,Halloween-Havoc-2000-10426,WCW,2000,Halloween Havoc 2000,
31367883,Fall-Brawl-2000-9372,WCW,2000,Fall Brawl 2000,
32835081,Spring-Stampede-2000-9857,WCW,2000,Spring Stampede 2000,
1797357983,,WCW,2000,Millennium Final: European Cup - Sting vs. Kevin Nash,
31360457,Greed-2001-9924,WCW,2001,Greed,
31365289,Sin-2001-9615,WCW,2001,Sin,
31367885,Superbrawl-Revenge-10757,WCW,2001,Superbrawl: Revenge 2001,
31327261,The-Wrestling-Classic-1985-11786,WWE,1985,The Wrestling Classic,
31347203,WrestleMania-1-5510,WWE,1985,Wrestlemania I,67362/wrestlemania-1
33483585,Saturday-Nights-Main-Event-4153,WWE,1985,"Saturday Night's Main Event, May 1985",
33483633,Saturday-Nights-Main-Event-4164,WWE,1985,"Saturday Night's Main Event, October 1985",
33483691,Saturday-Nights-Main-Event-4175,WWE,1985,"Saturday Night's Main Event, November 1985",
31314741,The-Big-Event-1986-10819,WWE,1986,The Big Event,
31347653,WrestleMania-2-7397,WWE,1986,Wrestlemania II,69694/wrestlemania-2
33483907,Saturday-Nights-Main-Event-4121,WWE,1986,"Saturday Night's Main Event, May 1986",
33483927,Saturday-Nights-Main-Event-4098,WWE,1986,"Saturday Night's Main Event, January 1986",
33484001,Saturday-Nights-Main-Event-4108,WWE,1986,"Saturday Night's Main Event, March 1986",
33484097,Saturday-Nights-Main-Event-4147,WWE,1986,"Saturday Night's Main Event, November 1986",
33484247,Saturday-Nights-Main-Event-4134,WWE,1986,"Saturday Night's Main Event, October 1986",
31348409,WrestleMania-4-5539,WWE,1987,Wrestlemania III,67015/wrestlemania-3
31355077,Survivor-Series-1987-9886,WWE,1987,Survivor Series I,
33481033,Saturday-Nights-Main-Event-4901,WWE,1987,"Saturday Night's Main Event, November 1987",
33481347,Saturday-Nights-Main-Event-4887,WWE,1987,"Saturday Night's Main Event, May 1987",
33481899,Saturday-Nights-Main-Event-4893,WWE,1987,"Saturday Night's Main Event, October 1987",
33484159,Saturday-Nights-Main-Event-4894,WWE,1987,"Saturday Night's Main Event, January 1987",
33485141,Saturday-Nights-Main-Event-4880,WWE,1987,"Saturday Night's Main Event, March 1987",
31326731,Survivor-Series-1988-9983,WWE,1988,Survivor Series 1988,
31350173,SummerSlam-1988-11819,WWE,1988,Summerslam 1988,
31354523,Royal-Rumble-1988-11872,WWE,1988,Royal Rumble 1988,70656/royal-rumble-1988
31356285,WrestleMania-3-5523,WWE,1988,Wrestlemania IV,67348/wrestlemania-4
33481035,Saturday-Nights-Main-Event-4915,WWE,1988,"Saturday Night's Main Event, March 1988",
33481251,Saturday-Nights-Main-Event-4898,WWE,1988,"Saturday Night's Main Event, December 1988",
33481343,Saturday-Nights-Main-Event-4918,WWE,1988,"Saturday Night's Main Event, April 1988",
33481351,Saturday-Nights-Main-Event-4889,WWE,1988,"Saturday Night's Main Event, November 1988",
33481845,Saturday-Nights-Main-Event-4910,WWE,1988,"Saturday Night's Main Event, January 1988",
33481935,Saturday-Nights-Main-Event-4881,WWE,1988,"Saturday Night's Main Event, October 1988",
33595255,The-Main-Event-1-10047,WWE,1988,"The Main Event, February 1988",
31336881,SummerSlam-1989-11829,WWE,1989,Summerslam 1989a,
31336887,Survivor-Series-1989-10116,WWE,1989,Survivor Series 1989,
31345253,Royal-Rumble-1989-11877,WWE,1989,Royal Rumble 1989,70657/royal-rumble-1989
31347509,WrestleMania-5-5449,WWE,1989,Wrestlemania V,67154/wrestlemania-5
33481847,The-Main-Event-2-4884,WWE,1989,"Saturday Night's Main Event, February 1989",
33576015,Saturday-Nights-Main-Event-4966,WWE,1989,"Saturday Night's Main Event, October 1989",
33576413,Saturday-Nights-Main-Event-4959,WWE,1989,"Saturday Night's Main Event, July 1989",
33576589,Saturday-Nights-Main-Event-4963,WWE,1989,"Saturday Night's Main Event, September 1989",
33577007,Saturday-Nights-Main-Event-4906,WWE,1989,"Saturday Night's Main Event, April 1989",
33595407,Saturday-Nights-Main-Event-4903,WWE,1989,"Saturday Night's Main Event, February 1989",
31304977,Survivor-Series-1990-10233,WWE,1990,Survivor Series 1990,
31336889,SummerSlam-1990-11837,WWE,1990,Summerslam 1990,
31345259,Royal-Rumble-1990-11857,WWE,1990,Royal Rumble 1990,70660/royal-rumble-1990
31356295,WrestleMania-6-5466,WWE,1990,Wrestlemania VI,67417/wrestlemania-6
33574847,Saturday-Nights-Main-Event-4957,WWE,1990,"Saturday Night's Main Event, April 1990",
33575579,Saturday-Nights-Main-Event-4971,WWE,1990,"Saturday Night's Main Event, January 1990",
33576301,Saturday-Nights-Main-Event-4960,WWE,1990,"Saturday Night's Main Event, July 1990",
33577127,Saturday-Nights-Main-Event-4964,WWE,1990,"Saturday Night's Main Event, September 1990",
33595241,The-Main-Event-3-10081,WWE,1990,"Saturday Night's Main Event, February 1990",
33595593,The-Main-Event-4-9491,WWE,1990,"Saturday Night's Main Event, October 1990",
31303817,Survivor-Series-1991-10314,WWE,1991,Survivor Series 1991,
31304555,SummerSlam-1991-11807,WWE,1991,Summerslam 1991,
31324315,This-Tuesday-in-Texas-1991-11831,WWE,1991,Tuesday In Texas,
31345879,Royal-Rumble-1991-11790,WWE,1991,Royal Rumble 1991,70661/royal-rumble-1991
31356293,WrestleMania-7-5491,WWE,1991,Wrestlemania VII,67366/wrestlemania-7
33575531,Saturday-Nights-Main-Event-4968,WWE,1991,Saturday Night's Main Event,
33595749,The-Main-Event-5-9512,WWE,1991,"Saturday Night's Main Event, February 1991",
1873783083,/program/Battle-Royal-at-The-Royal-Albert-Hall-95174,WWE,1991,Battle Royal at The Albert Hall,
31303263,SummerSlam-1992-11816,WWE,1992,Summerslam 1992,
31303821,Survivor-Series-1992-11871,WWE,1992,Survivor Series 1992,
31345295,Royal-Rumble-1992-11782,WWE,1992,Royal Rumble 1992,70652/royal-rumble-1992
31348403,WrestleMania-8-5511,WWE,1992,Wrestlemania VIII,155226/wrestlemania-8
33595323,Saturday-Nights-Main-Event-4974,WWE,1992,Saturday Night's Main Event October 1992,
33595871,Saturday-Nights-Main-Event-4972,WWE,1992,Saturday Night's Main Event February 1992,
1873781283,/program/UK-Rampage-92-12353,WWE,1992,UK Rampage 1992,
31292541,Survivor-Series-1993-11915,WWE,1993,Survivor Series 1993,
31303265,King-of-the-Ring-1993-9604,WWE,1993,King of the Ring 1993,
31303271,SummerSlam-1993-11826,WWE,1993,Summerslam 1993,
31309111,Raw-5826,WWE,1993,RAW 1993-05-24,
31309705,Raw-5735,WWE,1993,RAW 1993-09-27,
31309725,Raw-5695,WWE,1993,RAW 1993-05-10,
31309833,Raw-6041,WWE,1993,RAW 1993-10-04,
31311699,Raw-6009,WWE,1993,RAW 1993-10-11,
31345323,Royal-Rumble-1993-11792,WWE,1993,Royal Rumble 1993,70649/royal-rumble-1993
31347991,WrestleMania-9-5524,WWE,1993,Wrestlemania IX,67415/wrestlemania-9
1873630483,/program/UK-Rampage-93-12412,WWE,1993,UK Rampage 1993,
2524102483,/episode/Jim-Ross-calls-Papa-Shango-vs-El-Matador-in-debut-103473,WWE,1993,Wrestlemania IX dark match: El Matador vs. Papa Shango,
31288939,SummerSlam-1994-11835,WWE,1994,Summerslam 1994,
31288945,King-of-the-Ring-1994-9734,WWE,1994,King of the Ring 1994,
31303601,Survivor-Series-1994-11784,WWE,1994,Survivor Series 1994,
31345831,Royal-Rumble-1994-11800,WWE,1994,Royal Rumble 1994,70658/royal-rumble-1994
31355189,WrestleMania-10-5545,WWE,1994,Wrestlemania X,67151/wrestlemania-10
32463987,Raw-6486,WWE,1994,RAW 1994-05-09,
32463999,Raw-6522,WWE,1994,RAW 1994-05-23,
32464033,Raw-6435,WWE,1994,RAW 1994-05-16,
32464049,Raw-6521,WWE,1994,RAW 1994-05-30,
31304779,SummerSlam-1995-11789,WWE,1995,Summerslam 1995,
31314961,King-of-the-Ring-1995-9819,WWE,1995,King of the Ring 1995,
31317997,In-Your-House-1-11756,WWE,1995,In Your House,
31313113,In-Your-House-2-10046,WWE,1995,In Your House II,
31317763,In-Your-House-3-11066,WWE,1995,In Your House III,
31312957,In-Your-House-4-11127,WWE,1995,In Your House IV,
31317909,In-Your-House-5-11136,WWE,1995,In Your House V,
31339181,Survivor-Series-1995-11905,WWE,1995,Survivor Series 1995,
31345327,Royal-Rumble-1995-11810,WWE,1995,Royal Rumble 1995,70650/royal-rumble-1995
31347211,WrestleMania-11-5558,WWE,1995,Wrestlemania XI,67013/wrestlemania-11
34431719,Raw-5604,WWE,1995,RAW 1995-05-15,
34580005,Raw-5549,WWE,1995,RAW 1995-05-29,
34580037,Raw-5529,WWE,1995,RAW 1995-05-22,
34584041,Raw-5594,WWE,1995,RAW 1995-06-05,
34584669,Raw-5532,WWE,1995,RAW 1995-06-12,
31291109,Survivor-Series-1996-11907,WWE,1996,Survivor Series 1996,
31326439,In-Your-House-6-11140,WWE,1996,In Your House VI,
31327255,In-Your-House-Good-Friends-Better-Enemies-11769,WWE,1996,In Your House VII,
31326691,In-Your-House-Beware-of-Dog-11170,WWE,1996,In Your House VIII - Beware of dog,
31326443,In-Your-House-International-Incident-11771,WWE,1996,In Your House IX - International Incident,
31317649,In-Your-House-Mind-Games-11773,WWE,1996,In Your House X - Mind Games,
31316275,In-Your-House-Buried-Alive-11142,WWE,1996,In Your House XI - Buried Alive,
31304877,In-Your-House-Its-Time-11772,WWE,1996,In Your House XII,
31348419,WrestleMania-12-5452,WWE,1996,Wrestlemania XII,67416/wrestlemania-12
31354791,King-of-the-Ring-1996-10118,WWE,1996,King of the Ring 1996,
31354991,SummerSlam-1996-11796,WWE,1996,Summerslam 1996,
31355931,Royal-Rumble-1996-11798,WWE,1996,Royal Rumble 1996,70646/royal-rumble-1996
37192537,Raw-5688,WWE,1996,RAW 1995-06-03,
37192541,Raw-5670,WWE,1996,RAW 1996-05-27,
37222209,Raw-5714,WWE,1996,RAW 1996-06-17,
37222215,Raw-5700,WWE,1996,RAW 1996-06-10,
39638783,Raw-5684,WWE,1996,RAW 1996-09-09,
39640083,Raw-5745,WWE,1996,RAW 1996-08-19,
39640183,Raw-5698,WWE,1996,RAW 1996-09-16,
39641083,Raw-5709,WWE,1996,RAW 1996-09-23,
40164283,Raw-5671,WWE,1996,RAW 1996-09-06,
2502381083,/program/The-first-time-Triple-H-confronts-The-Undertaker-104332,WWE,1996,The Kuwait Tournament '96: Triple H vs. Undertaker,
31292539,SummerSlam-1997-11806,WWE,1997,Summerslam 1997: Hart &amp; Soul,
31293447,King-of-the-Ring-1997-10201,WWE,1997,King of the Ring 1997,
31304527,WWE-One-Night-Only-UK-1997-9323,WWE,1997,One Night Only,
31327269,In-Your-House-Final-Four-11768,WWE,1997,In Your House XIII - Final Four,
31317911,In-Your-House-Revenge-of-the-Taker-11774,WWE,1997,In Your House XIV - Revenge of the Taker,
31339107,In-Your-House-A-Cold-Day-in-Hell-11765,WWE,1997,In Your House XV - Cold day in Hell,
31327267,In-Your-House-Canadian-Stampede-11766,WWE,1997,In Your House XVI - Canadian Stampede,
31362275,In-Your-House-Ground-Zero-11770,WWE,1997,In Your House XVII - Ground Zero,
31316311,In-Your-House-Badd-Blood-11157,WWE,1997,In Your House XVIII - Badd Blood,
31339153,In-Your-House-D-Generation-X-11767,WWE,1997,In Your House XIX - Degeneration X,
31336873,Survivor-Series-1997-11910,WWE,1997,Survivor Series 1997 - Gang rulz,
31348181,Royal-Rumble-1997-11809,WWE,1997,Royal Rumble 1997,70653/royal-rumble-1997
31366763,WrestleMania-13-5483,WWE,1997,Wrestlemania XIII,67364/wrestlemania-13
32172527,Raw-6159,WWE,1997,RAW 1997-09-22,
121575683,Raw-6447,WWE,1997,RAW 1997-03-03,
274480883,Raw-6076,WWE,1997,RAW 1997-06-23,
274480983,Raw-7402,WWE,1997,RAW 1997-06-16,
274481283,Raw-6035,WWE,1997,RAW 1997-05-26,
274494083,Raw-6042,WWE,1997,RAW 1997-06-02,
274557883,Raw-6173,WWE,1997,RAW 1997-09-29,
286023683,Raw-6165,WWE,1997,RAW 1997-05-12,
286045683,Raw-6027,WWE,1997,RAW 1997-05-19,
301581183,Raw-6166,WWE,1997,RAW 1997-11-24,
301734283,Raw-6140,WWE,1997,RAW 1997-09-15,
301765683,Raw-6118,WWE,1997,RAW 1997-07-14,
302465983,Raw-6103,WWE,1997,RAW 1997-07-07,
302563383,Raw-6151,WWE,1997,RAW 1997-11-10,
304613383,Raw-6187,WWE,1997,RAW 1997-12-01,
304672983,Raw-6950,WWE,1997,RAW 1997-11-03,
304711583,Raw-6087,WWE,1997,RAW 1997-06-30,
312422683,Raw-6131,WWE,1997,RAW 1997-09-08,
312445283,Raw-7406,WWE,1997,RAW 1997-11-17,
31289543,King-of-the-Ring-1998-10251,WWE,1998,King of the Ring 1998 - Off with their heads!,
31316165,Survivor-Series-1998-11912,WWE,1998,Survivor Series 1998 - Deadly Game,
31336879,SummerSlam-1998-11801,WWE,1998,Summerslam 1998 - Highway to hell,
31339183,No-Way-Out-1998-9657,WWE,1998,In Your House XX - No Way Out Of Texas,
31345293,Unforgiven-1998-10877,WWE,1998,In Your House XXI: Unforgiven,
31336885,Over-the-Edge-1998-9824,WWE,1998,In Your House XXII: Over the Edge,
31356519,Fully-Loaded-1998-10263,WWE,1998,In Your House XXIII: Fully Loaded,
31317819,Breakdown-1998-10418,WWE,1998,In Your House XXIV - Breakdown,
31313021,Judgment-Day-1998-11902,WWE,1998,In Your House XXV - Judgment Day,
31348077,Rock-Bottom-1998-11797,WWE,1998,In Your House XXVI - Rock Bottom,
31355669,Capital-Carnage-UK-1998-10261,WWE,1998,Capital Carnage,
31359907,WrestleMania-14-5504,WWE,1998,Wrestlemania XIV - X-raided,67363/wrestlemania-14
31366765,Royal-Rumble-1998-11817,WWE,1998,Royal Rumble 1998,70659/royal-rumble-1998
33878441,Raw-5824,WWE,1998,RAW 1998-10-12,
59739883,Raw-5730,WWE,1998,RAW 1998-06-01,
60094183,Raw-5762,WWE,1998,RAW 1998-06-22,
60094283,Raw-5737,WWE,1998,RAW 1998-07-20,
60094783,Raw-5772,WWE,1998,RAW 1998-08-10,
63441683,Raw-5743,WWE,1998,RAW 1998-06-08,
63442983,Raw-5754,WWE,1998,RAW 1998-06-15,
63510983,Raw-6987,WWE,1998,RAW 1998-08-03,
63512283,Raw-5713,WWE,1998,RAW 1998-07-06,
63513983,Raw-5725,WWE,1998,RAW 1998-07-13,
63517183,Raw-5758,WWE,1998,RAW 1998-07-27,
63823383,Raw-5696,WWE,1998,RAW 1998-08-17,
63831983,Raw-5710,WWE,1998,RAW 1998-08-24,
64714883,Raw-5699,WWE,1998,RAW 1998-06-29,
1991815983,Heat-11249,WWE,1998,Heat 1998-10-18,
1991824983,Heat-11251,WWE,1998,Heat 1998-12-13,
1998859483,Heat-11247,WWE,1998,Heat 1998-08-30,
2002600283,Heat-11250,WWE,1998,Heat 1998-11-15,
19955941832,Heat-11248,WWE,1998,Heat 1998-09-27,
31303589,WWE-Rebellion-UK-1999-11823,WWE,1999,Rebellion 1999,
31303797,No-Mercy-UK-1999-9629,WWE,1999,No Mercy,
31303833,Armageddon-1999-5677,WWE,1999,Armageddon,
31314957,King-of-the-Ring-1999-10325,WWE,1999,King of the Ring 1999,
31316161,Survivor-Series-1999-11818,WWE,1999,Survivor Series 1999,
31327257,Fully-Loaded-1999-10070,WWE,1999,Fully Loaded,
31327259,Backlash-1999-11890,WWE,1999,In Your House XXVIII - Backlash,
31347669,St-Valentines-Day-Massacre-1999-9732,WWE,1999,In Your House XXVII - St. Valentine's Day Massacre,
31353513,Royal-Rumble-1999-11828,WWE,1999,Royal Rumble 1999 - No Chance in Hell,70654/royal-rumble-1999
31354497,SummerSlam-1999-9826,WWE,1999,Summerslam 1999,
31359925,Unforgiven-1999-11813,WWE,1999,Unforgiven,
31360325,WrestleMania-15-5522,WWE,1999,Wrestlemania XV,67152/wrestlemania-15
31366785,No-Mercy-1999-10861,WWE,1999,No Mercy II,
31367621,Over-the-Edge-1999-9916,WWE,1999,Over the Edge,
312186183,Raw-5853,WWE,1999,RAW 1999-08-23,
1991824683,Heat-11721,WWE,1999,Heat 1999-01-24,
1995108783,Heat-11243,WWE,1999,Heat 1999-04-25,
1995109083,Heat-11242,WWE,1999,Heat 1999-03-28,
1995599083,Heat-11241,WWE,1999,Heat 1999-02-14,
1995611283,Heat-11246,WWE,1999,Heat 1999-07-25,
1998755883,Heat-11244,WWE,1999,Heat 1999-05-23,
1998756383,Heat-11748,WWE,1999,Heat 1999-05-30,
1998764383,Heat-11245,WWE,1999,Heat 1999-06-27,
1998764983,Heat-11750,WWE,1999,Heat 1999-06-06,
31303613,No-Way-Out-2000-9777,WWE,2000,No Way Out,
31317799,No-Mercy-2000-11887,WWE,2000,No Mercy 2000,
31326763,Judgment-Day-2000-11838,WWE,2000,Judgment Day,
31336867,King-of-the-Ring-2000-10412,WWE,2000,King of the Ring 2000,
31336877,Survivor-Series-2000-11824,WWE,2000,Survivor Series 2000,
31336883,Backlash-2000-11897,WWE,2000,Backlash,
31345325,Unforgiven-2000-11825,WWE,2000,Unforgiven 2000,
31345331,WWE-Rebellion-UK-2000-11830,WWE,2000,Rebellion 2000,
31345807,Royal-Rumble-2000-11778,WWE,2000,Royal Rumble 2000,70655/royal-rumble-2000
31354593,SummerSlam-2000-9998,WWE,2000,Summerslam 2000,
31356305,WrestleMania-2000-5538,WWE,2000,Wrestlemania XVI,135074/wrestlemania-2000
31363931,Armageddon-2000-5701,WWE,2000,Armageddon 2000,
31367907,Fully-Loaded-2000-10181,WWE,2000,Fully Loaded 2000,
31379323,Insurrextion-UK-2000-10016,WWE,2000,Insurrextion,
535821583,Raw-5948,WWE,2000,RAW 2000-06-26,
535827383,Raw-6020,WWE,2000,RAW 2000-06-19,
535827683,Raw-6004,WWE,2000,RAW 2000-06-12,
536599083,Raw-5992,WWE,2000,RAW 2000-06-05,
586133383,SmackDown-4263,WWE,2000,SmackDown 2000-06-08,
591727783,SmackDown-4427,WWE,2000,SmackDown 2000-06-01,
636043083,SmackDown-4314,WWE,2000,SmackDown 2000-06-15,
1214481983,Raw-5999,WWE,2000,RAW 2000-05-29,
31305053,Insurrextion-UK-2001-10151,WWE,2001,Insurrextion 2001,
31317757,No-Way-Out-2001-9887,WWE,2001,No Way Out 2001,
31324297,WWE-Rebellion-UK-2001-11888,WWE,2001,Rebellion 2001,
31336869,Judgment-Day-2001-11845,WWE,2001,Judgment Day 2001,
31336871,No-Mercy-2001-11795,WWE,2001,No Mercy 2001,
31339179,King-of-the-Ring-2001-11883,WWE,2001,King of the Ring 2001,
31345263,Royal-Rumble-2001-11802,WWE,2001,Royal Rumble 2001,70648/royal-rumble-2001
31348415,Backlash-2001-11882,WWE,2001,Backlash 2001,
31353599,Invasion-2001-10165,WWE,2001,WWE Invasion,
31355123,Unforgiven-2001-11743,WWE,2001,Unforgiven 2001,
31356267,SummerSlam-2001-10203,WWE,2001,Summerslam 2001,
31356605,Survivor-Series-2001-11834,WWE,2001,Survivor Series 2001,
31365257,Vengeance-2001-11097,WWE,2001,Vengeance 2001,
31599441,WrestleMania-17-5556,WWE,2001,Wrestlemania XVII - X-Seven,67167/wrestlemania-17
535771283,Raw-5933,WWE,2001,RAW 2001-06-04,
536456983,Raw-5897,WWE,2001,RAW 2001-06-18,
536941483,Raw-5887,WWE,2001,RAW 2001-06-11,
590089783,SmackDown-4784,WWE,2001,SmackDown 2001-06-07,
636109783,SmackDown-3916,WWE,2001,SmackDown 2001-06-14,
31337809,Armageddon-2002-6756,WWE,2002,Armageddon 2002,
31345297,No-Mercy-2002-11850,WWE,2002,No Mercy 2002,
31348385,Survivor-Series-2002-11843,WWE,2002,Survivor Series 2002,
31352019,WWE-Rebellion-UK-2002-11894,WWE,2002,Rebellion 2002 (SmackDown),
31352037,Insurrextion-UK-2002-10249,WWE,2002,Insurrextion 2002 (Raw),
31352065,SummerSlam-2002-10323,WWE,2002,Summerslam 2002,
31352185,Royal-Rumble-2002-11840,WWE,2002,Royal Rumble 2002,70691/royal-rumble-2002
31356687,WrestleMania-18-5527,WWE,2002,Wrestlemania XVIII - X8,67023/wrestlemania-18
31363379,No-Way-Out-2002-10004,WWE,2002,No Way Out 2002,
31365513,Unforgiven-2002-11763,WWE,2002,Unforgiven 2002,
31523051,Vengeance-2002-11192,WWE,2002,Vengeance 2002,
31523389,Backlash-2002-11886,WWE,2002,Backlash 2002,
31523619,King-of-the-Ring-2002-11739,WWE,2002,WWE King of the Ring 2002,
31524935,Judgment-Day-2002-11859,WWE,2002,WWE Judgment Day 2002,
522104383,Raw-5915,WWE,2002,RAW 2002-06-10,
522108083,Raw-5905,WWE,2002,RAW 2002-06-03,
522129283,Raw-5924,WWE,2002,RAW 2002-06-17,
636241983,SmackDown-4547,WWE,2002,SmackDown 2002-06-13,
636501183,SmackDown-4559,WWE,2002,SmackDown 2002-06-20,
642494483,SmackDown-4532,WWE,2002,SmackDown 2002-06-06,
31288919,No-Mercy-2003-11316,WWE,2003,No Mercy 2003 (SmackDown),
31292537,SummerSlam-2003-11860,WWE,2003,Summerslam 2003,
31293433,Survivor-Series-2003-11799,WWE,2003,Survivor Series 2003,
31299879,Backlash-2003-11873,WWE,2003,Backlash 2003,
31322561,Judgment-Day-2003-11864,WWE,2003,Judgment Day 2003,
31351999,Insurrextion-UK-2003-10324,WWE,2003,Insurrextion 2003 (Raw),
31352039,Bad-Blood-2003-5734,WWE,2003,Bad Blood (Raw),
31352231,Armageddon-2003-5717,WWE,2003,Armageddon 2003 (Raw),
31353939,Royal-Rumble-2003-9956,WWE,2003,Royal Rumble 2003,83950/royal-rumble-2003
31354589,Unforgiven-2003-11764,WWE,2003,Unforgiven 2003 (Raw),
31355713,Vengeance-2003-11194,WWE,2003,Vengeance 2003 (SmackDown),
31524667,WrestleMania-19-5548,WWE,2003,Wrestlemania XIX,67368/wrestlemania-19
31585691,No-Way-Out-2003-11906,WWE,2003,No Way Out 2003,
31288413,Armageddon-2004-5731,WWE,2004,Armageddon 2004 (SmackDown),
31288917,Judgment-Day-2004-11874,WWE,2004,Judgment Day 2004 (SmackDown),
31289111,No-Way-Out-2004-9123,WWE,2004,No Way Out 2004 (SmackDown),
31292533,Taboo-Tuesday-2004-9763,WWE,2004,Taboo Tuesday 2004 (Raw),
31303591,WWE-Great-American-Bash-2004-9680,WWE,2004,Great American Bash (SmackDown),
31305059,Vengeance-2004-11196,WWE,2004,Vengeance 2004 (Raw),
31317943,No-Mercy-2004-11893,WWE,2004,No Mercy 2004 (SmackDown),
31345275,Survivor-Series-2004-11808,WWE,2004,Survivor Series 2004,
31345329,Backlash-2004-11880,WWE,2004,Backlash 2004 (Raw),
31352261,SummerSlam-2004-11866,WWE,2004,Summerslam 2004,
31352311,Bad-Blood-2004-7212,WWE,2004,Bad Blood 2004 (Raw),
31355671,Unforgiven-2004-10138,WWE,2004,Unforgiven 2004 (Raw),
31356695,Royal-Rumble-2004-11851,WWE,2004,Royal Rumble 2004,70692/royal-rumble-2004
31362293,WrestleMania-20-5563,WWE,2004,Wrestlemania XX,67171/wrestlemania-20
31288911,Judgment-Day-2005-11878,WWE,2005,Judgment Day 2005 (SmackDown),
31289187,WWE-Great-American-Bash-2005-9780,WWE,2005,The Great American Bash (SmackDown),
31291027,Taboo-Tuesday-2005-9859,WWE,2005,Taboo Tuesday 2005 (Raw),
31299883,Armageddon-2005-6782,WWE,2005,Armageddon 2005 (SmackDown),
31300561,Backlash-2005-11432,WWE,2005,Backlash 2005 (Raw),
31301521,New-Years-Revolution-2005-10184,WWE,2005,New Year's Revolution 2005 (Raw),
31303277,Royal-Rumble-2005-11842,WWE,2005,Royal Rumble 2005,70697/royal-rumble-2005
31304775,No-Way-Out-2005-11911,WWE,2005,No Way Out 2005 (SmackDown),
31305371,WrestleMania-21-5580,WWE,2005,Wrestlemania 21,67164/wrestlemania-21
31352275,SummerSlam-2005-11875,WWE,2005,Summerslam 2005,
31357241,No-Mercy-2005-11898,WWE,2005,No Mercy 2005 (SmackDown),
31365101,Survivor-Series-2005-11815,WWE,2005,Survivor Series 2005,
31365159,Vengeance-2005-9698,WWE,2005,Vengeance 2005 (Raw),
31368967,Unforgiven-2005-11787,WWE,2005,Unforgiven 2005 (Raw),
31370753,ECW-One-Night-Stand-2005-9402,WWE,2005,ECW One Night Stand,
31288927,No-Way-Out-2006-11827,WWE,2006,No Way Out 2006 (SmackDown),
31289551,Cyber-Sunday-2006-11839,WWE,2006,Cyber Sunday (Raw),
31290969,Judgment-Day-2006-9187,WWE,2006,Judgment Day 2006 (SmackDown),
31290971,Royal-Rumble-2006-11849,WWE,2006,Royal Rumble 2006,70698/royal-rumble-2006
31292531,SummerSlam-2006-10273,WWE,2006,Summerslam 2006,
31299877,Backlash-2006-11881,WWE,2006,Backlash 2006 (Raw),
31299881,Armageddon-2006-5638,WWE,2006,Armageddon 2006 (SmackDown),
31301539,New-Years-Revolution-2006-11896,WWE,2006,New Year's Revolution 2006 (Raw),
31303597,Survivor-Series-2006-11821,WWE,2006,Survivor Series 2006,
31303851,Unforgiven-2006-11793,WWE,2006,Unforgiven 2006 (Raw),
31304975,Vengeance-2006-9781,WWE,2006,Vengeance 2006,
31313015,Great-American-Bash-2006-9852,WWE,2006,The Great American Bash (SmackDown),
31322549,ECW-December-to-Dismember-2006-10434,WWE,2006,ECW December To Dismember 2006,
31324317,WrestleMania-22-5597,WWE,2006,WrestleMania 22,67064/wrestlemania-22
31339151,ECW-One-Night-Stand-2006-9495,WWE,2006,ECW One Night Stand,
31378627,No-Mercy-2006-9279,WWE,2006,No Mercy 2006 (SmackDown),
33595821,Saturday-Nights-Main-Event-4005,WWE,2006,"Saturday Night's Main Event, July 2006",
33596063,Saturday-Nights-Main-Event-3994,WWE,2006,"Saturday Night's Main Event, March 2006",
1215286483,SmackDown-4754,WWE,2006,SmackDown 2006-04-14,
1215290183,SmackDown-4469,WWE,2006,SmackDown 2006-05-05,
1215382683,SmackDown-4454,WWE,2006,SmackDown 2006-04-28,
1215384583,SmackDown-4765,WWE,2006,SmackDown 2006-04-21,
1215387383,SmackDown-4478,WWE,2006,SmackDown 2006-05-12,
31288139,SummerSlam-2007-9414,WWE,2007,Summerslam 2007,
31289127,New-Years-Revolution-2007-11847,WWE,2007,New Year's Revolution 2007 (Raw),
31290963,Judgment-Day-2007-9292,WWE,2007,Judgment Day 2007,
31291023,One-Night-Stand-2007-9601,WWE,2007,One Night Stand,
31294251,Unforgiven-2007-9671,WWE,2007,Unforgiven 2007,
31294287,Vengeance-2007-9893,WWE,2007,Vengeance 2007: Night of Champions,
31296365,Survivor-Series-2007-11836,WWE,2007,Survivor Series 2007,
31299871,Backlash-2007-11188,WWE,2007,Backlash 2007,
31303253,Royal-Rumble-2007-11856,WWE,2007,Royal Rumble 2007,70700/royal-rumble-2007
31303259,Armageddon-2007-5662,WWE,2007,Armageddon 2007,
31303273,WWE-Great-American-Bash-2007-9773,WWE,2007,The Great American Bash,
31305099,No-Mercy-2007-9329,WWE,2007,No Mercy 2007,
31336875,No-Way-Out-2007-11832,WWE,2007,No Way Out 2007 (SmackDown),
31352107,Cyber-Sunday-2007-11884,WWE,2007,Cyber Sunday,
31371411,WrestleMania-23-5608,WWE,2007,WrestleMania 23: All Grown Up,67166/wrestlemania-23
31371427,SmackDown-4579,WWE,2007,SmackDown 2007-05-11,
33595325,Saturday-Nights-Main-Event-4017,WWE,2007,"Saturday Night's Main Event, June 2007",
33598607,Saturday-Nights-Main-Event-4031,WWE,2007,"Saturday Night's Main Event, August 2007",
981590783,Raw-5401,WWE,2007,RAW 2007-05-07,
31273127,Backlash-2008-11900,WWE,2008,Backlash 2008,
31277487,No-Mercy-2008-9408,WWE,2008,No Mercy 2008,
31284707,Armageddon-2008-5678,WWE,2008,Armageddon 2008,
31287989,SummerSlam-2008-9602,WWE,2008,Summerslam 2008,
31288145,No-Way-Out-2008-9265,WWE,2008,No Way Out 2008,
31288271,Royal-Rumble-2008-10141,WWE,2008,Royal Rumble 2008,70701/royal-rumble-2008
31288933,Great-American-Bash-2008-9867,WWE,2008,The Great American Bash,
31289587,WrestleMania-24-5622,WWE,2008,WrestleMania XXIV,67367/wrestlemania-24
31294195,One-Night-Stand-2008-9748,WWE,2008,One Night Stand,
31294239,Unforgiven-2008-11803,WWE,2008,Unforgiven 2008,
31294289,Survivor-Series-2008-11844,WWE,2008,Survivor Series 2008,
31296015,Night-of-Champions-2008-9740,WWE,2008,Night of Champions 2008,
31331003,Cyber-Sunday-2008-11891,WWE,2008,Cyber Sunday,
31356693,Judgment-Day-2009-9470,WWE,2008,Judgment Day 2008,
33595447,Saturday-Nights-Main-Event-7213,WWE,2008,"Saturday Night's Main Event, August 2008",
1181286983,Raw-5973,WWE,2008,RAW 2008-04-21,
1181318283,Raw-7140,WWE,2008,RAW 2008-06-30,
31275277,Hell-in-a-Cell-2009-5547,WWE,2009,Hell in a Cell 2009,
31277141,Judgment-Day-2008-9374,WWE,2009,Judgment Day 2009,
31277561,WWE-Extreme-Rules-2009-11899,WWE,2009,Extreme Rules,
31277563,WWE-The-Bash-2009-11914,WWE,2009,The Bash,
31280133,Night-of-Champions-2009-9770,WWE,2009,Night of Champions 2009,
31287991,Survivor-Series-2009-11853,WWE,2009,Survivor Series 2009,
31288285,SummerSlam-2009-9759,WWE,2009,Summerslam 2009,
31288345,Royal-Rumble-2009-11794,WWE,2009,Royal Rumble 2009,70696/royal-rumble-2009
31293439,WWE-Bragging-Rights-2009-5755,WWE,2009,Bragging Rights,
31294249,TLC-Tables-Ladders-and-Chairs-2009-6363,WWE,2009,"TLC - Tables, Ladders and Chairs",
31305869,WrestleMania-25-5526,WWE,2009,WrestleMania XXV,67168/wrestlemania-25
31340363,Backlash-2009-11901,WWE,2009,Backlash 2009,
31342163,WWE-Breaking-Point-2009-11146,WWE,2009,Breaking Point,
31354701,No-Way-Out-2009-9306,WWE,2009,No Way Out 2009,
31273101,Fatal-4-Way-2010-9411,WWE,2010,Fatal 4-Way,
31274225,Elimination-Chamber-2010-11814,WWE,2010,Elimination Chamber 2010,
31274227,WWE-Bragging-Rights-2010-5642,WWE,2010,Bragging Rights,
31274247,WWE-Extreme-Rules-2010-11861,WWE,2010,Extreme Rules,
31277317,Money-in-the-Bank-2010-5634,WWE,2010,Money In The Bank,
31287423,Night-of-Champions-2010-9806,WWE,2010,Night of Champions 2010,
31288319,Survivor-Series-2010-11858,WWE,2010,Survivor Series 2010,
31288351,Over-the-Limit-2010-10019,WWE,2010,WWE Over The Limit,
31288935,TLC-Tables-Ladders-and-Chairs-2010-6717,WWE,2010,"TLC - Tables, Ladders and Chairs 2010",
31294193,SummerSlam-2010-9900,WWE,2010,Summerslam 2010,
31294203,WrestleMania-26-5541,WWE,2010,WrestleMania XXVI,67060/wrestlemania-26
31357369,Hell-in-a-Cell-2010-5564,WWE,2010,Hell in a Cell 2010,
31362289,Royal-Rumble-2010-11804,WWE,2010,Royal Rumble 2010,70694/royal-rumble-2010
1214293183,Raw-6693,WWE,2010,RAW 2010-11-22,
1214294883,Raw-6092,WWE,2010,RAW 2010-11-29,
1223585983,SmackDown-4482,WWE,2010,SmackDown 2010-04-02,
1224094583,SmackDown-5013,WWE,2010,SmackDown 2010-11-26,
31274229,WWE-Capitol-Punishment-2011-11854,WWE,2011,Capitol Punishment,
31274231,Elimination-Chamber-2011-11909,WWE,2011,Elimination Chamber 2011,
31277139,Hell-in-a-Cell-2011-7048,WWE,2011,Hell in a Cell 2011,
31277143,WWE-Extreme-Rules-2011-11805,WWE,2011,Extreme Rules,
31277667,Night-of-Champions-2011-9833,WWE,2011,Night of Champions 2011,
31287925,SummerSlam-2011-10049,WWE,2011,Summerslam 2011,
31288283,Over-the-Limit-2011-10136,WWE,2011,WWE Over The Limit,
31288941,TLC-Tables-Ladders-and-Chairs-2011-6374,WWE,2011,"TLC - Tables, Ladders and Chairs 2011",
31294205,WrestleMania-27-5557,WWE,2011,WrestleMania XXVII,67063/wrestlemania-27
31294295,Survivor-Series-2011-11833,WWE,2011,Survivor Series 2011,
31296115,Vengeance-2011-10002,WWE,2011,Vengeance 2011,
31301541,Royal-Rumble-2011-11811,WWE,2011,Royal Rumble 2011,70788/royal-rumble-2011
31359911,Money-in-the-Bank-2011-7146,WWE,2011,Money in the Bank,
1214578383,Raw-6721,WWE,2011,RAW 2011-07-25,
31277509,WWE-Extreme-Rules-2012-11885,WWE,2012,Extreme Rules,
31277565,No-Way-Out-2012-9336,WWE,2012,No Way out,
31280127,Survivor-Series-2012-11841,WWE,2012,Survivor Series 2012,
31288929,TLC-Tables-Ladders-and-Chairs-2012-6389,WWE,2012,"TLC - Tables, Ladders and Chairs 2012",
31294231,WrestleMania-28-5575,WWE,2012,WrestleMania XXVIII,67165/wrestlemania-28
31294245,Over-the-Limit-2012-10246,WWE,2012,Over the Limit,
31294291,Royal-Rumble-2012-11822,WWE,2012,Royal Rumble 2012,70699/royal-rumble-2012
31294293,SummerSlam-2012-10226,WWE,2012,Summerslam 2012,
31303275,Elimination-Chamber-2012-11904,WWE,2012,Elimination Chamber 2012,
31319249,Raw-6754,WWE,2012,RAW 2012-07-23,
31340257,Night-of-Champions-2012-9940,WWE,2012,Night of Champions 2012,
31342173,Hell-in-a-Cell-2012-5579,WWE,2012,Hell in a Cell 2012,
31345257,Money-in-the-Bank-2012-7156,WWE,2012,Money in the Bank,
31277145,Night-of-Champions-2013-10066,WWE,2013,Night of Champions 2013,
31280129,SummerSlam-2013-10406,WWE,2013,Summerslam 2013,
31284675,WWE-Battleground-2013-6808,WWE,2013,Battleground,
31288931,Survivor-Series-2013-11848,WWE,2013,Survivor Series 2013,
31288937,Royal-Rumble-2013-11779,WWE,2013,Royal Rumble 2013,83954/royal-rumble-2013
31289075,WWE-Payback-2013-11852,WWE,2013,Payback,
31289579,WrestleMania-29-5589,WWE,2013,WrestleMania XXIX,67061/wrestlemania-29
31313017,Hell-in-a-Cell-2013-5592,WWE,2013,Hell in a Cell 2013,
31316163,TLC-Tables-Ladders-and-Chairs-2013-6739,WWE,2013,"TLC - Tables, Ladders and Chairs 2013",
31324299,Raw-6801,WWE,2013,RAW 2013-04-08,
31326699,Raw-6795,WWE,2013,RAW 2013-10-28,
31345243,Money-in-the-Bank-2013-5657,WWE,2013,Money in the Bank,
31350177,Elimination-Chamber-2013-11908,WWE,2013,Elimination Chamber 2013,
31357435,WWE-Extreme-Rules-2013-11189,WWE,2013,Extreme Rules,
31392017,Royal-Rumble-2014-1765,WWE,2014,Royal Rumble 2014,20331/royal-rumble-2014
31678253,Elimination-Chamber-2014-11903,WWE,2014,Elimination Chamber 2014,
31920091,WrestleMania-30-95219,WWE,2014,WrestleMania XXX,67369/wrestlemania-30
31973929,/program/WrestleMania-30-Kickoff-Show-12506,WWE,2014,WrestleMania XXX pre-show,
32680887,/program/Extreme-Rules-2014-Kickoff-Show-12498,WWE,2014,Extreme Rules pre-show,
32714887,WWE-Extreme-Rules-2014-11210,WWE,2014,Extreme Rules,
33397847,WWE-Payback-2014-10388,WWE,2014,Payback,
33460663,/program/Payback-2014-Kickoff-Show-12507,WWE,2014,Payback pre-show,
34230589,Money-in-the-Bank-2014-5675,WWE,2014,Money in the Bank,
34711531,/program/WWE-Battleground-2014-Kickoff-Show-12072,WWE,2014,Battleground 2014 pre-show,
34716371,WWE-Battleground-2014-5703,WWE,2014,Battleground,
35358449,/program/SummerSlam-2014-Kickoff-Show-12120,WWE,2014,Summerslam 2014 pre-show,
35548257,SummerSlam-2014-11203,WWE,2014,Summerslam 2014,
36581891,Night-of-Champions-2014-10182,WWE,2014,Night of Champions 2014,
36847649,/program/Hell-in-a-Cell-2014-Kickoff-Show-12033,WWE,2014,Hell in a Cell 2014 pre-show,
36875215,Hell-in-a-Cell-2014-4956,WWE,2014,Hell in a Cell 2014,
36950041,/program/Survivor-Series-2014-Kickoff-Show-12214,WWE,2014,Survivor Series 2014 pre-show,
36986389,Survivor-Series-2014-10028,WWE,2014,Survivor Series 2014,
37045715,/program/TLCS-2014-Kickoff-12496,WWE,2014,TLC(S) 2014 pre-show,
37056067,TLC-Tables-Ladders-Chairs-and-Stairs-2014-6755,WWE,2014,"TLC - Tables, Ladders, Chairs (and Stairs) 2014",
37161153,Royal-Rumble-2015-1771,WWE,2015,Royal Rumble 2015,87647/royal-rumble-2015
37187553,/program/Royal-Rumble-2015-Kickoff-Show-95202,WWE,2015,Royal Rumble pre-show,
38424783,WWE-Fastlane-2015-9986,WWE,2015,Fastlane,
55572483,/program/WrestleMania-31-Kickoff-Show-12503,WWE,2015,Wrestlemania 31 pre-show,
57482783,WrestleMania-31-1762,WWE,2015,WrestleMania XXXI,67170/wrestlemania-31
85793383,/program/Extreme-Rules-2015-Kickoff-Show-12162,WWE,2015,Extreme Rules pre-show,
91232083,WWE-Extreme-Rules-2015-11211,WWE,2015,Extreme Rules,
92583283,/program/King-of-the-Ring-Live-95209,WWE,2015,WWE King of the Ring 2015,
116218283,/program/Payback-2015-Kickoff-Show-12508,WWE,2015,Payback pre-show,
120851083,WWE-Payback-2015-11202,WWE,2015,Payback,
120862083,Raw-6914,WWE,2015,RAW 2015-04-27,
135102583,/program/Elimination-Chamber-2015-Kickoff-Show-12183,WWE,2015,Elimination Chamber pre-show,
140527683,Elimination-Chamber-2015-1783,WWE,2015,Elimination Chamber 2015,
156996383,/program/Money-in-the-Bank-2015-Kickoff-Show-11993,WWE,2015,Money In The Bank pre-show,
157002383,Money-in-the-Bank-2015-7166,WWE,2015,Money in the Bank,
224466983,/program/Beast-in-the-East-12347,WWE,2015,The Beast in the East,
263552183,/program/WWE-Battleground-2015-Kickoff-Show-12079,WWE,2015,Battleground 2015 pre-show,
274459983,WWE-Battleground-2015-7383,WWE,2015,Battleground,
406459383,SummerSlam-2015-11208,WWE,2015,Summerslam 2015,
487217383,Night-of-Champions-2015-10274,WWE,2015,Night of Champions 2015,
513773583,/program/WWE-Live-From-MSG-2015-95207,WWE,2015,Live from MSG,
525510283,/program/Hell-in-a-Cell-2015-Kickoff-Show-12042,WWE,2015,Hell in a Cell 2015 pre-show,
525510583,Hell-in-a-Cell-2015-5619,WWE,2015,Hell in a Cell 2015,
528418483,This-Week-in-WWE-10996,WWE,2015,This Week 2015-11-07,
531252383,Survivor-Series-2015-10179,WWE,2015,Survivor Series 2015,
532568083,Raw-7014,WWE,2015,RAW 2015-11-09,
532577683,SmackDown-4010,WWE,2015,SmackDown 2015-11-12,
532896183,Raw-7025,WWE,2015,RAW 2015-11-16,
534075383,/program/TLC-Tables-Ladders-and-Chairs-2015-Kickoff-12213,WWE,2015,TLC 2015 pre-show,
534076683,TLC-Tables-Ladders-and-Chairs-2015-6303,WWE,2015,"TLC - Tables, Ladders and Chairs 2015",
638566583,/program/Payback-2016-Kickoff-Show-11963,WWE,2016,Payback pre-show,
539767183,/program/Royal-Rumble-2016-Kickoff-Show-12239,WWE,2016,Royal Rumble pre-show,
539767983,Royal-Rumble-2016-1776,WWE,2016,Royal Rumble 2016,70702/royal-rumble-2016
543568683,/program/Fastlane-2016-Kickoff-Show-12170,WWE,2016,Fastlane pre-show,
543568883,WWE-Fastlane-2016-1773,WWE,2016,Fastlane,
551511583,WWE-Roadblock-2016-10684,WWE,2016,Roadblock,
569243383,/program/WrestleMania-32-Kickoff-Show-12174,WWE,2016,Wrestlemania 32 pre-show,84549/wrestlemania-32-kickoff-show-2016-04-03
569259683,WrestleMania-32-1811,WWE,2016,WrestleMania XXXII,67461/wrestlemania-32
648782183,WWE-Payback-2016-11855,WWE,2016,Payback,
716964983,WWE-Extreme-Rules-2016-11788,WWE,2016,Extreme Rules,
728187683,/program/Extreme-Rules-2016-Kickoff-Show-12184,WWE,2016,Extreme Rules pre-show,
821280183,/program/Money-in-the-Bank-2016-Kickoff-Show-12007,WWE,2016,Money In The Bank pre-show,
821280783,Money-in-the-Bank-2016-7370,WWE,2016,Money in the Bank,
924921083,Week-1-10392,WWE,2016,Cruiserweight Classic 2016-07-13,
948453083,Week-2-10407,WWE,2016,Cruiserweight Classic 2016-07-20,
955679683,/program/Battleground-2016-Kickoff-Show-12082,WWE,2016,Battleground 2016 pre-show,
955683083,WWE-Battleground-2016-7390,WWE,2016,Battleground,
977705083,Week-3-10424,WWE,2016,Cruiserweight Classic 2016-07-27,
1004183583,Week-4-10440,WWE,2016,Cruiserweight Classic 2016-08-03,
1033746783,Week-5-10453,WWE,2016,Cruiserweight Classic 2016-08-10,
1061073483,Week-6-10469,WWE,2016,Cruiserweight Classic 2016-08-17,
1065166583,/program/SummerSlam-2016-Kickoff-Show-12194,WWE,2016,Summerslam 2016 pre-show,
1068937183,SummerSlam-2016-11889,WWE,2016,Summerslam 2016,
1089859583,Week-7-10485,WWE,2016,Cruiserweight Classic 2016-08-24,
1118866183,Week-8-10499,WWE,2016,Cruiserweight Classic 2016-08-31,
1147019783,Week-9-10513,WWE,2016,Cruiserweight Classic 2016-09-07,
1151813083,/program/Backlash-2016-Kickoff-Show-11933,WWE,2016,Backlash 2016 pre-show,
1151813883,Backlash-2016-11895,WWE,2016,Backlash 2016 (SmackDown),
1164966383,SmackDown-3981,WWE,2016,Smackdown 2016-08-23,
1164986283,Week-10-Finals-10529,WWE,2016,Cruiserweight Classic 2016,
1165062183,SmackDown-3997,WWE,2016,SmackDown 2016-08-30,
1179587483,SmackDown-4032,WWE,2016,Smackdown 2016-09-06,
1181318683,/program/Clash-of-Champions-2016-Kickoff-Show-12008,WWE,2016,Clash of Champions 2016 pre-show,
1188965783,Clash-of-Champions-2016-10390,WWE,2016,Clash of Champions 2016 (Raw),
1203064483,/program/No-Mercy-2016-Kickoff-Show-12048,WWE,2016,No Mercy 2016 pre-show,
1203066483,No-Mercy-2016-9449,WWE,2016,No Mercy 2016 (SmackDown),
1209521383,/program/Hell-in-a-Cell-2016-Kickoff-Show-12047,WWE,2016,Hell in a Cell 2016 pre-show,
1210386483,Hell-in-a-Cell-2016-7391,WWE,2016,Hell in a Cell (Raw),
1212970983,/program/Survivor-Series-2016-Kickoff-Show-12226,WWE,2016,Survivor Series 2016 pre-show,
1212971383,Survivor-Series-2016-10271,WWE,2016,Survivor Series 2016,
1214479783,/program/TLC-Tables-Ladders-and-Chairs-2016-Kickoff-12215,WWE,2016,TLC 2016 pre-show,
1214480483,TLC-Tables-Ladders-and-Chairs-2016-6774,WWE,2016,"TLC - Tables, Ladders and Chairs 2016 (SmackDown)",
1216142483,/program/Roadblock-End-of-the-Line-Kickoff-Show-11962,WWE,2016,Roadblock: End of the Line pre-show,
1216143083,Roadblock-End-of-the-Line-2016-11791,WWE,2016,Roadblock: End of the Line (Raw),
1627365383,/program/WWE-Battleground-2017-Kickoff-Show-12085,WWE,2017,Battleground 2017 pre-show,
1219563983,United-Kingdom-Championship-Tournament-Part-1-94332,WWE,2017,United Kingdom Championship tournament part I,
1219724383,United-Kingdom-Championship-Tournament-Part-2-12676,WWE,2017,United Kingdom Championship tournament part II,
1221426183,/program/Royal-Rumble-2017-Kickoff-Show-12054,WWE,2017,Royal Rumble pre-show,
1221432183,Royal-Rumble-2017-1780,WWE,2017,Royal Rumble 2017,70703/royal-rumble-2017
1223078683,/program/Elimination-Chamber-2017-Kickoff-Show-12201,WWE,2017,Elimination Chamber pre-show,
1223552483,Elimination-Chamber-2017-1761,WWE,2017,Elimination Chamber 2017 (SmackDown),
1229270983,/program/Fastlane-2017-Kickoff-Show-12181,WWE,2017,Fastlane pre-show,
1229274583,WWE-Fastlane-2017-1778,WWE,2017,Fastlane (Raw),
1252072283,/program/WrestleMania-33-Kickoff-Show-12175,WWE,2017,Wrestlemania 33 pre-show,84537/wrestlemania-33-kickoff-show-2017-04-02
1252266283,WrestleMania-33-1768,WWE,2017,WrestleMania XXXIII,67126/wrestlemania-33
1331576483,/program/Payback-2017-Kickoff-Show-12100,WWE,2017,Payback pre-show,
1331577783,WWE-Payback-2017-11862,WWE,2017,Payback (Raw),
1400735683,/program/Backlash-2017-Kickoff-Show-12060,WWE,2017,Backlash 2017 pre-show,
1401729283,Backlash-2017-11781,WWE,2017,Backlash 2017 (SmackDown),
1451563483,/program/Extreme-Rules-2017-Kickoff-Show-12234,WWE,2017,Extreme Rules pre-show,
1451569383,WWE-Extreme-Rules-2017-11867,WWE,2017,Extreme Rules (Raw),
1501343683,/program/Money-in-the-Bank-2017-Kickoff-Show-12198,WWE,2017,Money In The Bank pre-show,
1501435583,Money-in-the-Bank-2017-7399,WWE,2017,Money in the Bank (SmackDown),
1556080283,SmackDown-4826,WWE,2017,SmackDown 2017-06-20,
1579575483,/program/Great-Balls-of-Fire-2017-Kickoff-Show-12232,WWE,2017,Great Balls of Fire pre-show,
1579578383,Great-Balls-of-Fire-2017-10034,WWE,2017,Great Balls of Fire (Raw),
1627366883,WWE-Battleground-2017-5721,WWE,2017,Battleground (SmackDown),
1645320483,SmackDown-4777,WWE,2017,SmackDown 2017-06-27,
1738080783,/program/SummerSlam-2017-Kickoff-Show-12188,WWE,2017,Summerslam 2017 pre-show,
1738089083,SummerSlam-2017-10389,WWE,2017,Summerslam 2017,
1794133283,SmackDown-4774,WWE,2017,SmackDown 2017-08-15,
1769459783,Episode-2-7495,WWE,2017,Mae Young Classic 2017:2,
1769459983,Episode-1-7492,WWE,2017,Mae Young Classic 2017:1,
1773350183,Episode-3-7498,WWE,2017,Mae Young Classic 2017:3,
1773350283,Episode-4-7472,WWE,2017,Mae Young Classic 2017:4,
1797003483,Episode-6-7505,WWE,2017,Mae Young Classic 2017:6,
1797031783,Episode-5-7479,WWE,2017,Mae Young Classic 2017:5,
1800561783,Episode-7-The-Quarterfinals-1029,WWE,2017,Mae Young Classic 2017:7,
1801298583,Episode-8-The-Final-Four-1032,WWE,2017,Mae Young Classic 2017:8,
1828134583,Episode-9-The-Finals-1035,WWE,2017,Mae Young Classic 2017:9,
1843224383,/program/No-Mercy-2017-Kickoff-Show-12116,WWE,2017,No Mercy 2017 pre-show,
1849136683,No-Mercy-2017-9565,WWE,2017,No Mercy 2017 (SmackDown),
1860470083,/program/Hell-in-a-Cell-2017-Kickoff-Show-12044,WWE,2017,Hell in a Cell 2017 pre-show,
1860483683,Hell-in-a-Cell-2017-5535,WWE,2017,Hell in a Cell (SmackDown),
1864493983,/program/TLC-Tables-Ladders-and-Chairs-2017-Kickoff-12138,WWE,2017,TLC 2017 pre-show,
1864495283,TLC-Tables-Ladders-and-Chairs-2017-6670,WWE,2017,"TLC - Tables, Ladders and Chairs 2017 (Raw)",
1867210483,/program/Survivor-Series-2017-Kickoff-Show-12231,WWE,2017,Survivor Series 2017 pre-show,
1867592783,Survivor-Series-2017-11863,WWE,2017,Survivor Series 2017,
1870047783,/program/Clash-of-Champions-2017-Kickoff-Show-12098,WWE,2017,Clash of Champions 2017 pre-show,
1870048783,Clash-of-Champions-2017-11846,WWE,2017,Clash of Champions 2017 (Raw),
1875257183,/program/Elimination-Chamber-2018-Kickoff-Show-12207,WWE,2018,Elimination Chamber pre-show,
1872705983,SmackDown-3881,WWE,2017,SmackDown 2017-12-19,
1873177483,SmackDown-3896,WWE,2017,SmackDown 2017-12-26,
1873176683,SmackDown-3907,WWE,2018,SmackDown 2018-01-02,
1873285683,/program/Royal-Rumble-2018-Kickoff-Show-12128,WWE,2018,Royal Rumble pre-show,
1873289283,Royal-Rumble-2018-1784,WWE,2018,Royal Rumble 2018,70704/royal-rumble-2018
1873694083,205-Live-2016,WWE,2018,205Live 2018-01-30,20738/205-live-jan-30-2018
1874291283,SmackDown-3926,WWE,2018,SmackDown 2018-01-09,
1874302483,205-Live-2019,WWE,2018,205Live 2018-02-06,20739/205-live-feb-06-2018
1874857283,205-Live-1972,WWE,2018,205Live 2018-02-13,20741/205-live-feb-13-2018
1874862683,SmackDown-3939,WWE,2018,SmackDown 2018-01-16,
1875125983,205-Live-1980,WWE,2018,205Live 2018-02-20,20740/205-live-feb-20-2018
1875276583,Elimination-Chamber-2018-1766,WWE,2018,Elimination Chamber 2018 (Raw),
1878443283,205-Live-1989,WWE,2018,205Live 2018-02-27,20743/205-live-feb-27-2018
1882246983,205-Live-1998,WWE,2018,205Live 2018-03-06,20742/205-live-mar-06-2018
1883208283,/program/Fastlane-2018-Kickoff-Show-12193,WWE,2018,Fastlane pre-show,
1883222983,WWE-Fastlane-2018-1772,WWE,2018,Fastlane (SmackDown),
1886974483,205-Live-2007,WWE,2018,205Live 2018-03-13,20744/205-live-mar-13-2018
1891770983,205-Live-2013,WWE,2018,205Live 2018-03-20,20745/205-live-mar-20-2018
1907368883,/program/WrestleMania-34-Kickoff-12176,WWE,2018,Wrestlemania 34 pre-show,84516/wrestlemania-34-kickoff-2018-04-08
1907375883,WrestleMania-34-1775,WWE,2018,WrestleMania XXXIV,67137/wrestlemania-34
1978048883,Greatest-Royal-Rumble-2018-9307,WWE,2018,Greatest Royal Rumble,
1992299983,SmackDown-4035,WWE,2018,SmackDown 2018-04-10,
2003142383,/program/Backlash-2018-Kickoff-Show-12068,WWE,2018,Backlash 2018 pre-show,
2003143783,Backlash-2018-11892,WWE,2018,Backlash 2018,
2154517683,/program/Money-in-the-Bank-2018-Kickoff-Show-12199,WWE,2018,Money In The Bank pre-show,
2154519283,Money-in-the-Bank-2018-7411,WWE,2018,Money in the Bank,
2195713783,2018-WWE-UK-Championship-Tournament-94322,WWE,2018,United Kingdom Championship tournament,
2260385383,/program/Extreme-Rules-2018-Kickoff-Show-12134,WWE,2018,Extreme Rules pre-show,
2275864683,WWE-Extreme-Rules-2018-945,WWE,2018,Extreme Rules,
2391998483,/program/SummerSlam-2018-Kickoff-Show-12205,WWE,2018,Summerslam 2018 pre-show,
2392000983,SummerSlam-2018-11785,WWE,2018,Summerslam 2018,
2469692583,Episode-1-7475,WWE,2018,Mae Young Classic 2018:1,
2481924583,Episode-2-7483,WWE,2018,Mae Young Classic 2018:2,
2485743883,/program/Hell-in-a-Cell-2018-Kickoff-Show-12049,WWE,2018,Hell in a Cell 2018 pre-show,
2485744783,Hell-in-a-Cell-2018-5550,WWE,2018,Hell in a Cell,
2495252083,Episode-3-7493,WWE,2018,Mae Young Classic 2018:3,
2505207583,Episode-4-7500,WWE,2018,Mae Young Classic 2018:4,
2513360183,Episode-5-7506,WWE,2018,Mae Young Classic 2018:5,
2513365383,WWE-Super-Show-Down-2018-11812,WWE,2018,Super Show-Down,
2515390183,Episode-6-6844,WWE,2018,Mae Young Classic 2018:6,
2516594883,Episode-7-The-Quarterfinals-5704,WWE,2018,Mae Young Classic 2018:7,
2517604783,Episode-8-The-Semifinals-6853,WWE,2018,Mae Young Classic 2018:8,
2518405283,WWE-Evolution-2018-11876,WWE,2018,Evolution,
2518422083,Raw-7155,WWE,2018,RAW 2018-10-08,
2518498683,/program/Crown-Jewel-2018-Kickoff-12165,WWE,2018,Crown Jewel pre-show,
2518554183,WWE-Crown-Jewel-2018-10258,WWE,2018,WWE Crown Jewel,
2518835583,SmackDown-4050,WWE,2018,SmackDown 2018-10-09,
2518962083,Raw-7161,WWE,2018,RAW 2018-10-15,
2519303083,SmackDown-4183,WWE,2018,SmackDown 2018-10-16,
2519356583,/program/Survivor-Series-2018-Kickoff-Show-12235,WWE,2018,Survivor Series 2018 pre-show,
2519716183,Survivor-Series-2018-11868,WWE,2018,Survivor Series 2018,
2520998883,/program/TLC-Tables-Ladders-and-Chairs-2018-Kickoff-12140,WWE,2018,TLC 2018 pre-show,
2521176383,TLC-Tables-Ladders-and-Chairs-2018-6698,WWE,2018,"TLC - Tables, Ladders and Chairs 2018",
2522323883,/program/Royal-Rumble-2019-Kickoff-Show-12189,WWE,2019,Royal Rumble pre-show,
2522324783,Royal-Rumble-2019-11214,WWE,2019,Royal Rumble 2019,92282/royal-rumble-2019
2522729983,/program/Elimination-Chamber-2019-Kickoff-Show-12220,WWE,2019,Elimination Chamber pre-show,
2522730883,Elimination-Chamber-2019-11865,WWE,2019,Elimination Chamber 2019,
2523402783,/program/Fastlane-2019-Kickoff-12225,WWE,2019,Fastlane pre-show,
2523403683,WWE-Fastlane-2019-10115,WWE,2019,Fastlane,
2524135183,/program/WrestleMania-35-Kickoff-12137,WWE,2019,Wrestlemania 35 pre-show,84815/wrestlemania-35-kickoff-2019-04-07
2524218983,WrestleMania-35-9199,WWE,2019,WrestleMania XXXV,84196/wrestlemania-35
2525057883,/program/Money-in-the-Bank-2019-Kickoff-8446,WWE,2019,Money In The Bank pre-show,
2525058783,Money-in-the-Bank-2019-9423,WWE,2019,Money in the Bank,
2525408283,/program/WWE-Super-ShowDown-2019-Kickoff-12653,WWE,2019,Super ShowDown pre-show,
2525408383,WWE-Super-ShowDown-2019-12654,WWE,2019,Super ShowDown,
2525612483,/program/WWE-Stomping-Grounds-2019-Kickoff-94433,WWE,2019,Stomping Grounds pre-show,
2525643083,WWE-Stomping-Grounds-2019-94436,WWE,2019,Stomping Grounds,
2525722083,/program/WWE-Extreme-Rules-2019-Kickoff-95189,WWE,2019,Extreme Rules pre-show,
2525722983,WWE-Extreme-Rules-2019-95188,WWE,2019,Extreme Rules,
-,/program/The-Brawl-to-End-It-All-105375,WWE,1984,The Brawl to End It All,
-,/program/The-War-to-Settle-the-Score-105374,WWE,1985,The War to Settle the Score,
-,Superstars-147617,WWE,1993,Superstars 1993-05-08,
-,Superstars-147619,WWE,1993,Superstars 1993-05-01,
-,Superstars-147620,WWE,1993,Superstars 1993-05-22,
-,Superstars-166011,WWE,1994,Superstars 1994-05-14,
-,Superstars-166013,WWE,1994,Superstars 1994-05-07,
-,Superstars-168341,WWE,1994,Superstars 1994-05-21,
-,Superstars-168342,WWE,1994,Superstars 1994-05-28,
-,Superstars-175732,WWE,1994,Superstars 1994-12-17,
-,Superstars-175744,WWE,1994,Superstars 1994-12-31,
-,Superstars-175858,WWE,1994,Superstars 1994-12-24,
-,Superstars-175859,WWE,1994,Superstars 1995-01-07,
-,Superstars-175914,WWE,1994,Superstars 1995-01-14,
-,Superstars-WWF-179575,WWE,1995,Superstars 1995-06-03,
-,Superstars-WWF-179576,WWE,1995,Superstars 1995-05-20,
-,Superstars-WWF-179711,WWE,1995,Superstars 1995-05-27,
-,Superstars-187437,WWE,1996,Superstars 1996-02-24,
-,Superstars-187438,WWE,1996,Superstars 1996-03-02,
-,Superstars-187439,WWE,1996,Superstars 1996-03-09,
-,Superstars-187539,WWE,1996,Superstars 1996-03-16,
-,Superstars-188688,WWE,1996,Superstars 1996-03-30,
-,Superstars-188689,WWE,1996,Superstars 1996-03-23,
-,Superstars-192397,WWE,1996,Superstars 1996-06-01,
-,Superstars-192409,WWE,1996,Superstars 1996-06-08,
-,Superstars-192420,WWE,1996,Superstars 1996-06-15,
-,SmackDown-4612,WWE,2002,SmackDown 2002-10-03,
-,SmackDown-4621,WWE,2002,SmackDown 2002-10-10,
-,SmackDown-4634,WWE,2002,SmackDown 2002-10-17,
-,/program/Global-Warning-12420,WWE,2002,Global Warning Tour: Melbourne,
-,SmackDown-4208,WWE,2003,US championship tournament 2003,
-,SmackDown-4223,WWE,2003,US championship tournament 2003,
-,SmackDown-4234,WWE,2003,US championship tournament 2003,
-,SmackDown-4251,WWE,2003,US championship tournament 2003,
-,SmackDown-4264,WWE,2003,US championship tournament 2003,
-,SmackDown-4275,WWE,2004,No Way Out 2004 (SmackDown),
-,Raw-5268,WWE,2006,Monday Night Raw 2006-09-25,
-,Raw-5283,WWE,2006,Monday Night Raw 2006-10-02,
-,Raw-5297,WWE,2006,Monday Night Raw 2006-10-09,
-,Raw-5331,WWE,2006,Monday Night Raw 2006-10-23,
-,Raw-5350,WWE,2006,Monday Night Raw 2006-10-30,
-,Raw-7044,WWE,2006,Monday Night Raw 2006-10-16,
-,WWE-ECW-11617,WWE,2006,WWE vs. ECW Head-to-Head,
-,/program/Survivor-Series-2015-Kickoff-Show-12223,WWE,2015,Survivor Series 2015 pre-show,
-,Raw-7173,WWE,2018,Raw 2018-10-29,
-,/program/SummerSlam-2019-Kickoff-102317,WWE,2019,Summerslam 2019 pre-show,
-,SummerSlam-2019-102329,WWE,2019,Summerslam 2019,
-,/program/Clash-of-Champions-2019-Kickoff-105410,WWE,2019,Clash of Champions 2019 pre-show,
-,Clash-of-Champions-2019-105415,WWE,2019,Clash of Champions 2019,
-,Raw-106399,WWE,2019,Raw 2019-08-19,
-,SmackDown-106586,WWE,2019,SmackDown 2019-08-20,
-,Raw-107045,WWE,2019,Raw 2019-08-26,
-,SmackDown-107063,WWE,2019,SmackDown 2019-08-27,
-,/program/Hell-in-a-Cell-2019-Kickoff-107210,WWE,2019,Hell in a Cell 2019 pre-show,
-,Raw-107409,WWE,2019,Raw 2019-09-02,
-,Hell-in-a-Cell-2019-107415,WWE,2019,Hell in a Cell,
-,SmackDown-107421,WWE,2019,SmackDown 2019-09-03,
-,Raw-108700,WWE,2019,Raw 2019-09-16,
-,Raw-108707,WWE,2019,Raw 2019-09-09,
-,SmackDown-108780,WWE,2019,WWE King of the Ring 2019,
-,/program/WWE-Crown-Jewel-2019-Kickoff-110589,WWE,2019,Crown Jewel pre-show,
-,WWE-Crown-Jewel-2019-111010,WWE,2019,WWE Crown Jewel,
-,/program/Survivor-Series-2019-Kickoff-112263,WWE,2019,Survivor Series 2019 pre-show,
-,Survivor-Series-2019-112628,WWE,2019,Survivor Series 2019,
-,/program/TLC-Tables-Ladders-and-Chairs-2019-Kickoff-113974,WWE,2019,TLC 2019 pre-show,
-,TLC-Tables-Ladders-and-Chairs-2019-114034,WWE,2019,"TLC - Tables, Ladders and Chairs 2019",
-,/program/Royal-Rumble-2020-Kickoff-Show-117075,WWE,2020,Royal Rumble pre-show,
-,Royal-Rumble-2020-117386,WWE,2020,Royal Rumble 2020,115194/royal-rumble-2020
-,/program/WWE-Super-ShowDown-2020-Kickoff-130820,WWE,2020,Super ShowDown pre-show,
-,WWE-Super-ShowDown-2020-130888,WWE,2020,Super ShowDown,
-,/program/Elimination-Chamber-2020-Kickoff-131238,WWE,2020,Elimination Chamber pre-show,
-,Elimination-Chamber-2020-131306,WWE,2020,Elimination Chamber 2020,
-,/program/WrestleMania-36-Kickoff-Part-1-133671,WWE,2020,WrestleMania 36 Part 1 pre-show,135673/wrestlemania-36-kickoff-part-1-2020-04-04
-,/program/WrestleMania-36-Kickoff-Part-2-133681,WWE,2020,WrestleMania 36 Part 2 pre-show,135671/wrestlemania-36-part-2-kickoff-part-2-2020-04-05
-,WrestleMania-36-Part-1-134168,WWE,2020,WrestleMania XXXVI Part 1,139301/wrestlemania-36-part-1
-,WrestleMania-36-Part-2-134169,WWE,2020,WrestleMania XXXVI Part 2,135494/wrestlemania-36-part-2
-,/program/WWE-Money-in-the-Bank-2020-Kickoff-Show-136363,WWE,2020,Money In The Bank pre-show,
-,WWE-Money-in-the-Bank-2020-136533,WWE,2020,Money in the Bank,
-,Raw-136842,WWE,2020,Money in the Bank,
-,SmackDown-136843,WWE,2020,SmackDown 2020-05-15,
-,SmackDown-137165,WWE,2020,SmackDown 2020-05-22,
-,SmackDown-137725,WWE,2020,SmackDown 2020-05-29,
-,SmackDown-144005,WWE,2020,SmackDown 2020-06-12,
-,/program/Backlash-2020-Kickoff-Show-144007,WWE,2020,Backlash 2020 pre-show,
-,Backlash-2020-144348,WWE,2020,Backlash 2020,
-,The-Horror-Show-at-WWE-Extreme-Rules-145897,WWE,2020,The Horror Show at Extreme Rules,
-,/program/The-Horror-Show-at-WWE-Extreme-Rules-Kickoff-145898,WWE,2020,The Horror Show at Extreme Rules pre-show,
-,/program/SummerSlam-2020-Kickoff-Show-147670,WWE,2020,Summerslam 2020 pre-show,
-,SummerSlam-2020-147732,WWE,2020,Summerslam 2020,
-,/program/WWE-Payback-2020-Kickoff-148196,WWE,2020,Payback pre-show,
-,WWE-Payback-2020-148415,WWE,2020,Payback 2020,
-,/program/Clash-of-Champions-2020-Kickoff-149610,WWE,2020,Clash of Champions 2020 pre-show,
-,Clash-of-Champions-2020-149916,WWE,2020,Clash of Champions 2020: Gold Rush,
-,/program/Hell-in-a-Cell-2020-Kickoff-151400,WWE,2020,Hell in a Cell 2020 pre-show,
-,Hell-in-a-Cell-2020-151650,WWE,2020,Hell in a Cell 2020,
-,/program/Survivor-Series-2020-Kickoff-153296,WWE,2020,Survivor Series 2020 pre-show,
-,Survivor-Series-2020-153372,WWE,2020,Survivor Series 2020: Best of the Best,
-,/program/TLC-Tables-Ladders-and-Chairs-2020-Kickoff-154908,WWE,2020,TLC 2020 pre-show,
-,TLC-Tables-Ladders-and-Chairs-2020-154952,WWE,2020,"TLC - Tables, Ladders and Chairs 2020",
-,Royal-Rumble-2021-157315,WWE,2021,Royal Rumble 2021,198404/royal-rumble-2021
-,/program/WWE-Superstar-Spectacle-157389,WWE,2021,Superstar Spectacle 2021,
-,/program/Royal-Rumble-2021-Kickoff-157390,WWE,2021,Royal Rumble 2021 pre-show,
-,/program/Elimination-Chamber-2021-Kickoff-158534,WWE,2021,Elimination Chamber 2021 pre-show,
-,Elimination-Chamber-2021-158626,WWE,2021,Elimination Chamber 2021,
-,WWE-Fastlane-2021-160436,WWE,2021,Fastlane 2021,
-,/program/WWE-Fastlane-2021-Kickoff-160437,WWE,2021,Fastlane pre-show,
-,/program/WrestleMania-37-Night-1-Kickoff-161662,WWE,2021,WrestleMania 37 Night 1 pre-show,215617/wrestlemania-37-night-1-kickoff-2021-04-10
-,/program/WrestleMania-37-Night-2-Kickoff-161663,WWE,2021,WrestleMania 37 Night 2 pre-show,215766/wrestlemania-37-night-2-kickoff-2021-04-11
-,WrestleMania-37-Night-2-161944,WWE,2021,WrestleMania XXXVII Night 2,215787/wrestlemania-37-night-2
-,WrestleMania-37-Night-1-161945,WWE,2021,WrestleMania XXXVII Night 1,215656/wrestlemania-37-night-1
-,WrestleMania-Backlash-164020,WWE,2021,WrestleMania Backlash,
-,/program/WrestleMania-Backlash-Kickoff-164025,WWE,2021,WrestleMania Backlash pre-show,
-,/program/Hell-in-a-Cell-2021-Kickoff-165667,WWE,2021,Hell in a Cell 2021 pre-show,
-,Hell-in-a-Cell-2021-165878,WWE,2021,Hell in a Cell 2021,
-,/program/Money-in-the-Bank-2021-Kickoff-166813,WWE,2021,Money In The Bank pre-show,
-,Money-in-the-Bank-2021-166817,WWE,2021,Money in the Bank,
-,/program/SummerSlam-2021-Kickoff-168332,WWE,2021,Summerslam 2021 pre-show,
-,SummerSlam-2021-168705,WWE,2021,Summerslam 2021,
-,/program/WWE-Extreme-Rules-2021-Kickoff-169812,WWE,2021,Extreme Rules pre-show,
-,WWE-Extreme-Rules-2021-170208,WWE,2021,Extreme Rules,
-,SmackDown-170592,WWE,2021,SmackDown 2021-10-08,
-,SmackDown-170739,WWE,2021,SmackDown 2021-10-15,
-,Raw-170740,WWE,2021,Raw 2021-10-11,
-,/program/WWE-Crown-Jewel-2021-Kickoff-171128,WWE,2021,Crown Jewel pre-show,
-,Raw-171131,WWE,2021,Raw 2021-10-18,
-,WWE-Crown-Jewel-2021-171159,WWE,2021,WWE Crown Jewel,
-,/program/Survivor-Series-2021-Kickoff-172377,WWE,2021,Survivor Series 2021 pre-show,
-,Survivor-Series-2021-172405,WWE,2021,Survivor Series 2021,
-,/program/WWE-Day-1-2022-Kickoff-174479,WWE,2022,Day 1 pre-show,
-,WWE-Day-1-2022-174482,WWE,2022,WWE Day 1,
-,/program/Royal-Rumble-2022-Kickoff-175952,WWE,2022,Royal Rumble pre-show,
-,Royal-Rumble-2022-176250,WWE,2022,Royal Rumble 2022,289855/royal-rumble-2022
-,/program/Elimination-Chamber-2022-Kickoff-176798,WWE,2022,Elimination Chamber pre-show,
-,Elimination-Chamber-2022-176850,WWE,2022,Elimination Chamber 2022,
-,WrestleMania-38-Saturday-178545,WWE,2022,WrestleMania XXXVIII Saturday,344235/wrestlemania-38-saturday
-,WrestleMania-38-Sunday-178550,WWE,2022,WrestleMania XXXVIII Sunday,344518/wrestlemania-38-sunday
-,/program/WrestleMania-38-Sunday-Kickoff-178662,WWE,2022,WrestleMania 38 Sunday pre-show,344452/wrestlemania-38-sunday-kickoff-2022-04-03
-,/program/WrestleMania-38-Saturday-Kickoff-178781,WWE,2022,WrestleMania 38 Saturday pre-show,344180/wrestlemania-38-saturday-kickoff-2022-04-02
-,WrestleMania-Backlash-2022-180078,WWE,2022,WrestleMania Backlash,
-,/program/WrestleMania-Backlash-2022-Kickoff-180081,WWE,2022,WrestleMania Backlash pre-show,
-,Hell-in-a-Cell-2022-181347,WWE,2022,Hell in a Cell,
-,/program/Hell-in-a-Cell-2022-Kickoff-181348,WWE,2022,Hell in a Cell 2022 pre-show,
-,Money-in-the-Bank-2022-182463,WWE,2022,Money in the Bank,
-,/program/Money-in-the-Bank-Kickoff-2022-182464,WWE,2022,Money in the Bank 2022 pre-show,
-,SummerSlam-2022-183479,WWE,2022,Summerslam 2022,
-,/program/SummerSlam-2022-Kickoff-183481,WWE,2022,Summerslam 2022 pre-show,
-,SmackDown-184336,WWE,2022,SmackDown 2022-08-12,
-,Raw-184338,WWE,2022,Raw 2022-08-08,
-,Raw-184464,WWE,2022,Raw 2022-08-15,
-,SmackDown-184466,WWE,2022,SmackDown 2022-08-19,
-,Raw-184704,WWE,2022,Raw 2022-08-22,
-,SmackDown-184705,WWE,2022,SmackDown 2022-08-26,
-,/program/WWE-Clash-at-the-Castle-2022-Kickoff-185111,WWE,2022,Clash at the Castle pre-show,
-,Raw-185112,WWE,2022,Raw 2022-08-29,
-,WWE-Clash-at-the-Castle-2022-185553,WWE,2022,Clash at the Castle,
-,WWE-Extreme-Rules-2022-186484,WWE,2022,Extreme Rules,
-,/program/WWE-Extreme-Rules-2022-Kickoff-186485,WWE,2022,Extreme Rules pre-show,
-,SmackDown-187885,WWE,2022,SmackDown 2022-11-11,
-,WWE-Crown-Jewel-2022-187891,WWE,2022,WWE Crown Jewel,
-,SmackDown-188082,WWE,2022,SmackDown 2022-11-18,
-,SmackDown-188331,WWE,2022,SmackDown 2022-11-25,
-,Survivor-Series-WarGames-2022-188350,WWE,2022,Survivor Series 2022 - War Games,
-,SmackDown-188598,WWE,2022,SmackDown 2022-12-02,
-,/program/Survivor-Series-WarGames-2022-Kickoff-188603,WWE,2022,Survivor Series 2022 pre-show,
-,Royal-Rumble-2023-192184,WWE,2023,Royal Rumble 2023,439364/royal-rumble-2023
-,/program/Royal-Rumble-2023-Kickoff-192543,WWE,2023,Royal Rumble pre-show,
-,Elimination-Chamber-2023-193090,WWE,2023,Elimination Chamber 2023,
-,/program/Elimination-Chamber-2023-Kickoff-193091,WWE,2023,Elimination Chamber pre-show,
-,WrestleMania-39-Saturday-194804,WWE,2023,WrestleMania XXXIX Saturday,461734/wrestlemania-39-saturday
-,WrestleMania-39-Sunday-194805,WWE,2023,WrestleMania XXXIX Sunday,462556/wrestlemania-39-sunday
-,Backlash-2023-196250,WWE,2023,Backlash,
-,Night-of-Champions-2023-196987,WWE,2023,Night of Champions,
-,Money-in-the-Bank-2023-198280,WWE,2023,Money in the Bank,
